1873;BACnet;NC;BACnet_NC_10
1872;BACnet;NC;BACnet_NC_20
1871;BACnet;NC;BACnet_NC_30
1870;BACnet;NC;BACnet_NC_40
166130;BACnet;NC;BACnet_NC_50
20;Init;Library;PCD_Interne_Surveillance
166199;Analog;Sensor;B100_2
166200;Aalarm;1 Alarm;B100_2_Defaut
166204;Analog;Sensor;B100_3
166205;Aalarm;1 Alarm;B100_3_Defaut
166209;Analog;Sensor;B100_5
166210;Aalarm;1 Alarm;B100_5_Defaut
166214;Analog;Sensor;B100_6
166215;Aalarm;1 Alarm;B100_6_Defaut
166307;Aalarm;1 Alarm;B103_3_Defaut
166308;Aalarm;1 Alarm;B103_5_Defaut
166309;Aalarm;1 Alarm;B103_9_Defaut
166554;SetPoint;Integer;ConsEnLocExp
166555;SetPoint;Integer;ConsPulsMinLocExp
166553;SetPoint;Integer;ConsHorsLocExp
166560;SetPoint;Integer;ConsAmbLocExp
166557;SetPoint;Integer;ConsAmbMaxLocExp
166518;System;Switch2sp;MB1_Demande
