OBJECT;object-name;present-value;description;status-flags;event-state;reliability;out-of-service;units;min-pres-value;max-pres-value;resolution;priority-array;priority-array-01;priority-array-02;priority-array-03;priority-array-04;priority-array-05;priority-array-06;priority-array-07;priority-array-08;priority-array-09;priority-array-10;priority-array-11;priority-array-12;priority-array-13;priority-array-14;priority-array-15;priority-array-16;relinquish-default;cov-increment;time-delay;notification-class;high-limit;low-limit;deadband;limit-enable;event-enable;acked-transitions;notify-type;event-time-stamps;profile-name;event_message_text;event-message-texts;event-message-texts-config;event-detection-enable;event-algorithm-inhibit-ref;event-algorithm-inhibit;time-delay-normal;reliability-evaluation-inhibit;pcd_alarm_status;pcd_highest_active_priority;unsolicited_cov_enabled
[AV 0];PD_T021_PCH_EH_GEN01_V20;%(Ech.Cons.Tempo.Output) || WS(10.00);Tempo incrémentation échangeurs ;(0,0,0,0) ;0 ;no-fault-detected ;FALSE || W;seconds || W;;;;;;;;;;;;%(Ech.Cons.Tempo.Prio8Val),%(Ech.Cons.Tempo.Prio8En) || S(10.00);;;;;;;;%(Ech.Cons.Tempo.Value),%(Ech.Cons.Tempo.Prio16En) || S(10.00);0 || WP;0.5 || WP;;;;;;;;;;;n.a. || R;;;;;;;;;;;FALSE 
[AV 2];PD_T021_PCH_EH_GEN01_V21;%(Ech.Cons.SeuilMin.Output) || WS(10.00);Seuil vannes pour décrémentation ;(0,0,0,0) ;0 ;no-fault-detected ;FALSE || W;percent || W;;;;;;;;;;;;%(Ech.Cons.SeuilMin.Prio8Val),%(Ech.Cons.SeuilMin.Prio8En) || S(10.00);;;;;;;;%(Ech.Cons.SeuilMin.Value),%(Ech.Cons.SeuilMin.Prio16En) || S(10.00);0 || WP;0.5 || WP;;;;;;;;;;;n.a. || R;;;;;;;;;;;FALSE 
[AV 7];PD_T021_PCH_EH_GEN01_V40;%(CH.Cons.CAD.Result) || WS(10.00);Consigne CAD ;(0,0,0,0) ;0 ;no-fault-detected ;FALSE || W;degrees-Celsius ;;;;;;;;;;;;;;;;;;;;;;0.5 || WP;;;;;;;;;;;n.a. || R;;;;;;;;;;;FALSE 
[AV 8];PD_T021_PCH_EH_GEN01_V11;%(CH.Cons.CAD.CurveY1) || WS(10.00);Consigne (Y1/Y2) ;(0,0,0,0) ;0 ;no-fault-detected ;FALSE || W;degrees-Celsius ;;;;;;;;;;;;;;;;;;;;;;0.5 || WP;;;;;;;;;;;n.a. || R;;;;;;;;;;;FALSE 
[AV 9];PD_T021_PCH_EH_GEN01_V13;%(CH.Cons.CAD.CurveY2) || WS(10.00);Consigne (Y1/Y2) ;(0,0,0,0) ;0 ;no-fault-detected ;FALSE || W;degrees-Celsius ;;;;;;;;;;;;;;;;;;;;;;0.5 || WP;;;;;;;;;;;n.a. || R;;;;;;;;;;;FALSE 
[AV 10];PD_T021_PCH_EH_GEN01_V10;%(CH.Cons.CAD.CurveX1) || WS(10.00);Température extérieure (X1/X2) ;(0,0,0,0) ;0 ;no-fault-detected ;FALSE || W;degrees-Celsius ;;;;;;;;;;;;;;;;;;;;;;0.5 || WP;;;;;;;;;;;n.a. || R;;;;;;;;;;;FALSE 
[AV 11];PD_T021_PCH_EH_GEN01_V12;%(CH.Cons.CAD.CurveX2) || WS(10.00);Température extérieure (X1/X2) ;(0,0,0,0) ;0 ;no-fault-detected ;FALSE || W;degrees-Celsius ;;;;;;;;;;;;;;;;;;;;;;0.5 || WP;;;;;;;;;;;n.a. || R;;;;;;;;;;;FALSE 
[AV 1];PD_T021_PCH_EH_GEN01_V22;%(Ech.Cons.SeuiMax.Output) || WS(10.00);Seuil vannes pour incrémentation ;(0,0,0,0) ;0 ;no-fault-detected ;FALSE || W;percent || W;;;;;;;;;;;;%(Ech.Cons.SeuiMax.Prio8Val),%(Ech.Cons.SeuiMax.Prio8En) || S(10.00);;;;;;;;%(Ech.Cons.SeuiMax.Value),%(Ech.Cons.SeuiMax.Prio16En) || S(10.00);0 || WP;0.5 || WP;;;;;;;;;;;n.a. || R;;;;;;;;;;;FALSE 
[AV 3];PD_T021_PCH_EH_PPE20_V81;%(CH.M30_2.Mot.HrsCnt) || WS(1);M30.2 heures ;(0,0,0,0) ;0 ;no-fault-detected ;FALSE || W;hours ;;;;;;;;;;;;;;;;;;;;;;1.0 || WP;;;;;;;;;;;n.a. || R;;;;;;;;;;;FALSE 
[AV 4];PD_T021_PCH_EH_PPE20_V80;%(CH.M30_2.Mot.EnCnt) || WS(1);M30.2 enclenchements ;(0,0,0,0) ;0 ;no-fault-detected ;FALSE || W;no-units ;;;;;;;;;;;;;;;;;;;;;;1.0 || WP;;;;;;;;;;;n.a. || R;;;;;;;;;;;FALSE 
[AV 5];PD_T021_PCH_EH_PPE21_V81;%(CH.M40_2.Mot.HrsCnt) || WS(1);M40.2 heures ;(0,0,0,0) ;0 ;no-fault-detected ;FALSE || W;hours ;;;;;;;;;;;;;;;;;;;;;;1.0 || WP;;;;;;;;;;;n.a. || R;;;;;;;;;;;FALSE 
[AV 6];PD_T021_PCH_EH_PPE21_V80;%(CH.M40_2.Mot.EnCnt) || WS(1);M40.2 enclenchements ;(0,0,0,0) ;0 ;no-fault-detected ;FALSE || W;no-units ;;;;;;;;;;;;;;;;;;;;;;1.0 || WP;;;;;;;;;;;n.a. || R;;;;;;;;;;;FALSE 
