﻿#Engineering-Data-Exchange;;;;;;;;;;;;;;;;;;;
PROJECT_NAME;Arrissoules_EST\BACnet.bnt;;;;;;;;;;;;;;;;;;
VERSION_OF_REFERENCEFILE;1;;;;;;;;;;;;;;;;;;
TIMESTAMP_OF_LAST_CHANGE;22.06.2022 09:28:07;;;;;;;;;;;;;;;;;;
AUTHOR_OF_LAST_CHANGE;SAIA-BACnetConfigurator Rel.2.3.192.566;;;;;;;;;;;;;;;;;;
VERSION_OF_LAYOUT;2.2;;;;;;;;;;;;;;;;;;
#mandatory;mandatory;mandatory;mandatory;mandatory;optional;optional;optional;optional;optional;optional;optional;optional;optional;optional;optional;optional;optional;optional;optional
# keyname;device-object-instance;object-name;object-type;object-instance;description;present-value-default;min-present-value;max-present-value;settable;supports COV;hi-limit;low-limit;state-text-reference;unit-code;vendor-specific-address;commandable;schedule-type;schedule-state-text-reference;schedule-unit-code
NT System;10142;NT System;8;10142;SAIA PCD;;;;N;;;;;;;;;;
NT System.ARI_AREST_BACstack;10142;ARI_AREST_BACstack;0;0;BACstack Monitoring;;0;1000;Y;;;;;95;;;;;
NT System.ARI_AREST_;10142;ARI_AREST_;5;1;Event inhibit;;;;Y;;;;3;;;;;;
NT System.ARI_AREST_NC10;10142;ARI_AREST_NC10;15;10;Danger de vie;;;;N;;;;;;;;;;
NT System.ARI_AREST_NC20;10142;ARI_AREST_NC20;15;20;Urgent;;;;N;;;;;;;;;;
NT System.ARI_AREST_NC30;10142;ARI_AREST_NC30;15;30;Non-urgent;;;;N;;;;;;;;;;
NT System.ARI_AREST_NC40;10142;ARI_AREST_NC40;15;40;Avertissement;;;;N;;;;;;;;;;
NT System.ARI_AREST_NC50;10142;ARI_AREST_NC50;15;50;Avertissement;;;;N;;;;;;;;;;
NT System.ARI_AREST_GEN01_A01;10142;ARI_AREST_GEN01_A01;5;0;PLC BATTERIE FAIBLE;;;;N;;;;4;;;;;;
NT System.ARI_AREST_VENT-M310_1:D5;10142;ARI_AREST_VENT-M310_1:D5;3;0;Panne;;;;N;;;;5;;;;;;
NT System.ARI_AREST_VENT-M310_1:D3;10142;ARI_AREST_VENT-M310_1:D3;5;2;Discordance;;;;N;;;;6;;;;;;
NT System.ARI_AREST_VENT-M310_1:D6;10142;ARI_AREST_VENT-M310_1:D6;3;1;Interrupteur de révision;;;;N;;;;7;;;;;;
NT System.ARI_AREST_VENT-M310_1:D4;10142;ARI_AREST_VENT-M310_1:D4;5;3;Discordance pressostat;;;;N;;;;8;;;;;;
NT System.ARI_AREST_VENT-M310_1:D7;10142;ARI_AREST_VENT-M310_1:D7;3;2;DO en manuel;;;;N;;;;9;;;;;;
NT System.ARI_AREST_VENT-M510_1:D5;10142;ARI_AREST_VENT-M510_1:D5;3;3;Panne;;;;N;;;;10;;;;;;
NT System.ARI_AREST_VENT-M510_1:D3;10142;ARI_AREST_VENT-M510_1:D3;5;4;Discordance;;;;N;;;;11;;;;;;
NT System.ARI_AREST_VENT-M510_1:D6;10142;ARI_AREST_VENT-M510_1:D6;3;4;Interrupteur de révision;;;;N;;;;12;;;;;;
NT System.ARI_AREST_VENT-M510_1:D4;10142;ARI_AREST_VENT-M510_1:D4;5;5;Discordance pressostat;;;;N;;;;13;;;;;;
NT System.ARI_AREST_VENT-M510_1:D7;10142;ARI_AREST_VENT-M510_1:D7;3;5;DO en manuel;;;;N;;;;14;;;;;;
NT System.ARI_AREST_VENT-M512_1:D5;10142;ARI_AREST_VENT-M512_1:D5;3;6;Panne;;;;N;;;;15;;;;;;
NT System.ARI_AREST_VENT-M512_1:D3;10142;ARI_AREST_VENT-M512_1:D3;5;6;Discordance;;;;N;;;;16;;;;;;
NT System.ARI_AREST_VENT-M512_1:D6;10142;ARI_AREST_VENT-M512_1:D6;3;7;Interrupteur de révision;;;;N;;;;17;;;;;;
NT System.ARI_AREST_VENT-M512_1:D4;10142;ARI_AREST_VENT-M512_1:D4;5;7;Discordance pressostat;;;;N;;;;18;;;;;;
NT System.ARI_AREST_VENT-M512_1:D7;10142;ARI_AREST_VENT-M512_1:D7;3;8;DO en manuel;;;;N;;;;19;;;;;;
