OBJECT;object-name;present-value;description;device-type;status-flags;event-state;reliability;out-of-service;update-interval;units;min-pres-value;max-pres-value;resolution;cov-increment;time-delay;notification-class;high-limit;low-limit;deadband;limit-enable;event-enable;acked-transitions;notify-type;event-time-stamps;profile-name;event_message_text;event-message-texts;event-message-texts-config;event-detection-enable;event-algorithm-inhibit-ref;event-algorithm-inhibit;time-delay-normal;reliability-evaluation-inhibit;pcd-input-reference;pcd_alarm_status;unsolicited_cov_enabled
[AI 19];PD_T021_PCH_EH_BACstack;%(A.BACnet.Stack.Monitoring.PV) || WS(1);BACstack Monitoring ;n.a. ;(0,0,0,0) ;0 ;no-fault-detected ;FALSE ;1 ;no-units || WP;0 || W;1000 || W;1.0 ;1000 ;;;;;;;;;;;;;;;;;;;;%(A.BACnet.Stack.Monitoring.PcdInRef) || WS(1)
[AI 0];PD_T021_PCH_EH_MTE10_M01;%(Init.T_ext.Sonde.PhysVal) || S(10.00);Temp. Air extérieur ;n.a. ;(0,0,0,0) ;0 ;%(A.BACnet.PCD_EXTE_Temp.Reliability) ;%(A.BACnet.PCD_EXTE_Temp.OutOfService) || W;1 ;degrees-Celsius || W;%(Init.T_ext.Sonde.PhysValY1) || S(10.00);%(Init.T_ext.Sonde.PhysValY2) || S(10.00);0.1 ;0.5 || WP;%(Init.T_ext.Sonde.GwVerz) || WP;301 || WP;%(Init.T_ext.Sonde.LimHigh) || WS(10.00);%(Init.T_ext.Sonde.LimLow) || WS(10.00);%(Init.T_ext.Sonde.GwHyst) || WS(10.00);(1,1) || WP;(1,0,1) || WP;(1,1,1) ;alarm || WP;((),(),()) || P; || R;;;("Message","---","Normal") ;True ;((binary-value,22),present-value) || WP;%(A.BACnet.PCD_EXTE_Temp.Alarm.EventInhibit) || WP;0 || WP;FALSE || WP;%(A.BACnet.PCD_EXTE_Temp.PCDInRef) || S(10.00);;FALSE 
[AI 5];PD_T021_PCH_EH_MTE20_M01;%(CH.B90_1.Sonde.PhysVal) || S(10.00);B90.1 Value ;n.a. ;(0,0,0,0) ;0 ;%(A.BACnet.B90_1.Reliability) ;%(A.BACnet.B90_1.OutOfService) || W;1 ;degrees-Celsius || W;%(CH.B90_1.Sonde.PhysValY1) || S(10.00);%(CH.B90_1.Sonde.PhysValY2) || S(10.00);0.1 ;0.5 || WP;%(CH.B90_1.Sonde.GwVerz) || WP;301 || WP;%(CH.B90_1.Sonde.LimHigh) || WS(10.00);%(CH.B90_1.Sonde.LimLow) || WS(10.00);%(CH.B90_1.Sonde.GwHyst) || WS(10.00);(1,1) || WP;(1,0,1) || WP;(1,1,1) ;alarm || WP;((),(),()) || P; || R;;;("Message","---","Normal") ;True ;((binary-value,22),present-value) || WP;%(A.BACnet.B90_1.Alarm.EventInhibit) || WP;0 || WP;FALSE || WP;%(A.BACnet.B90_1.PCDInRef) || S(10.00);;FALSE 
[AI 6];PD_T021_PCH_EH_MTE30_M01;%(CH.B90_2.Sonde.PhysVal) || S(10.00);B90.2 Value ;n.a. ;(0,0,0,0) ;0 ;%(A.BACnet.B90_2.Reliability) ;%(A.BACnet.B90_2.OutOfService) || W;1 ;degrees-Celsius || W;%(CH.B90_2.Sonde.PhysValY1) || S(10.00);%(CH.B90_2.Sonde.PhysValY2) || S(10.00);0.1 ;0.5 || WP;%(CH.B90_2.Sonde.GwVerz) || WP;301 || WP;%(CH.B90_2.Sonde.LimHigh) || WS(10.00);%(CH.B90_2.Sonde.LimLow) || WS(10.00);%(CH.B90_2.Sonde.GwHyst) || WS(10.00);(1,1) || WP;(1,0,1) || WP;(1,1,1) ;alarm || WP;((),(),()) || P; || R;;;("Message","---","Normal") ;True ;((binary-value,22),present-value) || WP;%(A.BACnet.B90_2.Alarm.EventInhibit) || WP;0 || WP;FALSE || WP;%(A.BACnet.B90_2.PCDInRef) || S(10.00);;FALSE 
[AI 7];PD_T021_PCH_EH_MTE21_M01;%(CH.B90_4.Sonde.PhysVal) || S(10.00);B90.4 Value ;n.a. ;(0,0,0,0) ;0 ;%(A.BACnet.B90_4.Reliability) ;%(A.BACnet.B90_4.OutOfService) || W;1 ;degrees-Celsius || W;%(CH.B90_4.Sonde.PhysValY1) || S(10.00);%(CH.B90_4.Sonde.PhysValY2) || S(10.00);0.1 ;0.5 || WP;%(CH.B90_4.Sonde.GwVerz) || WP;301 || WP;%(CH.B90_4.Sonde.LimHigh) || WS(10.00);%(CH.B90_4.Sonde.LimLow) || WS(10.00);%(CH.B90_4.Sonde.GwHyst) || WS(10.00);(1,1) || WP;(1,0,1) || WP;(1,1,1) ;alarm || WP;((),(),()) || P; || R;;;("Message","---","Normal") ;True ;((binary-value,22),present-value) || WP;%(A.BACnet.B90_4.Alarm.EventInhibit) || WP;0 || WP;FALSE || WP;%(A.BACnet.B90_4.PCDInRef) || S(10.00);;FALSE 
[AI 8];PD_T021_PCH_EH_MTE31_M01;%(CH.B90_5.Sonde.PhysVal) || S(10.00);B90.5 Value ;n.a. ;(0,0,0,0) ;0 ;%(A.BACnet.B90_5.Reliability) ;%(A.BACnet.B90_5.OutOfService) || W;1 ;degrees-Celsius || W;%(CH.B90_5.Sonde.PhysValY1) || S(10.00);%(CH.B90_5.Sonde.PhysValY2) || S(10.00);0.1 ;0.5 || WP;%(CH.B90_5.Sonde.GwVerz) || WP;301 || WP;%(CH.B90_5.Sonde.LimHigh) || WS(10.00);%(CH.B90_5.Sonde.LimLow) || WS(10.00);%(CH.B90_5.Sonde.GwHyst) || WS(10.00);(1,1) || WP;(1,0,1) || WP;(1,1,1) ;alarm || WP;((),(),()) || P; || R;;;("Message","---","Normal") ;True ;((binary-value,22),present-value) || WP;%(A.BACnet.B90_5.Alarm.EventInhibit) || WP;0 || WP;FALSE || WP;%(A.BACnet.B90_5.PCDInRef) || S(10.00);;FALSE 
[AI 9];PD_T021_PCH_EH_MTE22_M01;%(CH.B90_7.Sonde.PhysVal) || S(10.00);B90.7 Value ;n.a. ;(0,0,0,0) ;0 ;%(A.BACnet.B90_7.Reliability) ;%(A.BACnet.B90_7.OutOfService) || W;1 ;degrees-Celsius || W;%(CH.B90_7.Sonde.PhysValY1) || S(10.00);%(CH.B90_7.Sonde.PhysValY2) || S(10.00);0.1 ;0.5 || WP;%(CH.B90_7.Sonde.GwVerz) || WP;301 || WP;%(CH.B90_7.Sonde.LimHigh) || WS(10.00);%(CH.B90_7.Sonde.LimLow) || WS(10.00);%(CH.B90_7.Sonde.GwHyst) || WS(10.00);(1,1) || WP;(1,0,1) || WP;(1,1,1) ;alarm || WP;((),(),()) || P; || R;;;("Message","---","Normal") ;True ;((binary-value,22),present-value) || WP;%(A.BACnet.B90_7.Alarm.EventInhibit) || WP;0 || WP;FALSE || WP;%(A.BACnet.B90_7.PCDInRef) || S(10.00);;FALSE 
[AI 10];PD_T021_PCH_EH_MTE32_M01;%(CH.B90_8.Sonde.PhysVal) || S(10.00);B90.8 Value ;n.a. ;(0,0,0,0) ;0 ;%(A.BACnet.B90_8.Reliability) ;%(A.BACnet.B90_8.OutOfService) || W;1 ;degrees-Celsius || W;%(CH.B90_8.Sonde.PhysValY1) || S(10.00);%(CH.B90_8.Sonde.PhysValY2) || S(10.00);0.1 ;0.5 || WP;%(CH.B90_8.Sonde.GwVerz) || WP;301 || WP;%(CH.B90_8.Sonde.LimHigh) || WS(10.00);%(CH.B90_8.Sonde.LimLow) || WS(10.00);%(CH.B90_8.Sonde.GwHyst) || WS(10.00);(1,1) || WP;(1,0,1) || WP;(1,1,1) ;alarm || WP;((),(),()) || P; || R;;;("Message","---","Normal") ;True ;((binary-value,22),present-value) || WP;%(A.BACnet.B90_8.Alarm.EventInhibit) || WP;0 || WP;FALSE || WP;%(A.BACnet.B90_8.PCDInRef) || S(10.00);;FALSE 
[AI 11];PD_T021_PCH_EH_MTE23_M01;%(CH.B91_1.Sonde.PhysVal) || S(10.00);B91.1 Value ;n.a. ;(0,0,0,0) ;0 ;%(A.BACnet.B91_1.Reliability) ;%(A.BACnet.B91_1.OutOfService) || W;1 ;degrees-Celsius || W;%(CH.B91_1.Sonde.PhysValY1) || S(10.00);%(CH.B91_1.Sonde.PhysValY2) || S(10.00);0.1 ;0.5 || WP;%(CH.B91_1.Sonde.GwVerz) || WP;301 || WP;%(CH.B91_1.Sonde.LimHigh) || WS(10.00);%(CH.B91_1.Sonde.LimLow) || WS(10.00);%(CH.B91_1.Sonde.GwHyst) || WS(10.00);(1,1) || WP;(1,0,1) || WP;(1,1,1) ;alarm || WP;((),(),()) || P; || R;;;("Message","---","Normal") ;True ;((binary-value,22),present-value) || WP;%(A.BACnet.B91_1.Alarm.EventInhibit) || WP;0 || WP;FALSE || WP;%(A.BACnet.B91_1.PCDInRef) || S(10.00);;FALSE 
[AI 12];PD_T021_PCH_EH_MTE33_M01;%(CH.B91_2.Sonde.PhysVal) || S(10.00);B91.2 Value ;n.a. ;(0,0,0,0) ;0 ;%(A.BACnet.B91_2.Reliability) ;%(A.BACnet.B91_2.OutOfService) || W;1 ;degrees-Celsius || W;%(CH.B91_2.Sonde.PhysValY1) || S(10.00);%(CH.B91_2.Sonde.PhysValY2) || S(10.00);0.1 ;0.5 || WP;%(CH.B91_2.Sonde.GwVerz) || WP;301 || WP;%(CH.B91_2.Sonde.LimHigh) || WS(10.00);%(CH.B91_2.Sonde.LimLow) || WS(10.00);%(CH.B91_2.Sonde.GwHyst) || WS(10.00);(1,1) || WP;(1,0,1) || WP;(1,1,1) ;alarm || WP;((),(),()) || P; || R;;;("Message","---","Normal") ;True ;((binary-value,22),present-value) || WP;%(A.BACnet.B91_2.Alarm.EventInhibit) || WP;0 || WP;FALSE || WP;%(A.BACnet.B91_2.PCDInRef) || S(10.00);;FALSE 
[AI 13];PD_T021_PCH_EH_MTE24_M01;%(CH.B91_4.Sonde.PhysVal) || S(10.00);B91.4 Value ;n.a. ;(0,0,0,0) ;0 ;%(A.BACnet.B91_4.Reliability) ;%(A.BACnet.B91_4.OutOfService) || W;1 ;degrees-Celsius || W;%(CH.B91_4.Sonde.PhysValY1) || S(10.00);%(CH.B91_4.Sonde.PhysValY2) || S(10.00);0.1 ;0.5 || WP;%(CH.B91_4.Sonde.GwVerz) || WP;301 || WP;%(CH.B91_4.Sonde.LimHigh) || WS(10.00);%(CH.B91_4.Sonde.LimLow) || WS(10.00);%(CH.B91_4.Sonde.GwHyst) || WS(10.00);(1,1) || WP;(1,0,1) || WP;(1,1,1) ;alarm || WP;((),(),()) || P; || R;;;("Message","---","Normal") ;True ;((binary-value,22),present-value) || WP;%(A.BACnet.B91_4.Alarm.EventInhibit) || WP;0 || WP;FALSE || WP;%(A.BACnet.B91_4.PCDInRef) || S(10.00);;FALSE 
[AI 14];PD_T021_PCH_EH_MTE34_M01;%(CH.B91_5.Sonde.PhysVal) || S(10.00);B91.5 Value ;n.a. ;(0,0,0,0) ;0 ;%(A.BACnet.B91_5.Reliability) ;%(A.BACnet.B91_5.OutOfService) || W;1 ;degrees-Celsius || W;%(CH.B91_5.Sonde.PhysValY1) || S(10.00);%(CH.B91_5.Sonde.PhysValY2) || S(10.00);0.1 ;0.5 || WP;%(CH.B91_5.Sonde.GwVerz) || WP;301 || WP;%(CH.B91_5.Sonde.LimHigh) || WS(10.00);%(CH.B91_5.Sonde.LimLow) || WS(10.00);%(CH.B91_5.Sonde.GwHyst) || WS(10.00);(1,1) || WP;(1,0,1) || WP;(1,1,1) ;alarm || WP;((),(),()) || P; || R;;;("Message","---","Normal") ;True ;((binary-value,22),present-value) || WP;%(A.BACnet.B91_5.Alarm.EventInhibit) || WP;0 || WP;FALSE || WP;%(A.BACnet.B91_5.PCDInRef) || S(10.00);;FALSE 
[AI 15];PD_T021_PCH_EH_MTE25_M01;%(CH.B91_7.Sonde.PhysVal) || S(10.00);B91.7 Value ;n.a. ;(0,0,0,0) ;0 ;%(A.BACnet.B91_7.Reliability) ;%(A.BACnet.B91_7.OutOfService) || W;1 ;degrees-Celsius || W;%(CH.B91_7.Sonde.PhysValY1) || S(10.00);%(CH.B91_7.Sonde.PhysValY2) || S(10.00);0.1 ;0.5 || WP;%(CH.B91_7.Sonde.GwVerz) || WP;301 || WP;%(CH.B91_7.Sonde.LimHigh) || WS(10.00);%(CH.B91_7.Sonde.LimLow) || WS(10.00);%(CH.B91_7.Sonde.GwHyst) || WS(10.00);(1,1) || WP;(1,0,1) || WP;(1,1,1) ;alarm || WP;((),(),()) || P; || R;;;("Message","---","Normal") ;True ;((binary-value,22),present-value) || WP;%(A.BACnet.B91_7.Alarm.EventInhibit) || WP;0 || WP;FALSE || WP;%(A.BACnet.B91_7.PCDInRef) || S(10.00);;FALSE 
[AI 16];PD_T021_PCH_EH_MTE35_M01;%(CH.B91_8.Sonde.PhysVal) || S(10.00);B91.8 Value ;n.a. ;(0,0,0,0) ;0 ;%(A.BACnet.B91_8.Reliability) ;%(A.BACnet.B91_8.OutOfService) || W;1 ;degrees-Celsius || W;%(CH.B91_8.Sonde.PhysValY1) || S(10.00);%(CH.B91_8.Sonde.PhysValY2) || S(10.00);0.1 ;0.5 || WP;%(CH.B91_8.Sonde.GwVerz) || WP;301 || WP;%(CH.B91_8.Sonde.LimHigh) || WS(10.00);%(CH.B91_8.Sonde.LimLow) || WS(10.00);%(CH.B91_8.Sonde.GwHyst) || WS(10.00);(1,1) || WP;(1,0,1) || WP;(1,1,1) ;alarm || WP;((),(),()) || P; || R;;;("Message","---","Normal") ;True ;((binary-value,22),present-value) || WP;%(A.BACnet.B91_8.Alarm.EventInhibit) || WP;0 || WP;FALSE || WP;%(A.BACnet.B91_8.PCDInRef) || S(10.00);;FALSE 
[AI 17];PD_T021_PCH_EH_MTE26_M01;%(CH.B92_1.Sonde.PhysVal) || S(10.00);B92.1 Value ;n.a. ;(0,0,0,0) ;0 ;%(A.BACnet.B92_1.Reliability) ;%(A.BACnet.B92_1.OutOfService) || W;1 ;degrees-Celsius || W;%(CH.B92_1.Sonde.PhysValY1) || S(10.00);%(CH.B92_1.Sonde.PhysValY2) || S(10.00);0.1 ;0.5 || WP;%(CH.B92_1.Sonde.GwVerz) || WP;301 || WP;%(CH.B92_1.Sonde.LimHigh) || WS(10.00);%(CH.B92_1.Sonde.LimLow) || WS(10.00);%(CH.B92_1.Sonde.GwHyst) || WS(10.00);(1,1) || WP;(1,0,1) || WP;(1,1,1) ;alarm || WP;((),(),()) || P; || R;;;("Message","---","Normal") ;True ;((binary-value,22),present-value) || WP;%(A.BACnet.B92_1.Alarm.EventInhibit) || WP;0 || WP;FALSE || WP;%(A.BACnet.B92_1.PCDInRef) || S(10.00);;FALSE 
[AI 18];PD_T021_PCH_EH_MTE36_M01;%(CH.B92_2.Sonde.PhysVal) || S(10.00);B92.2 Value ;n.a. ;(0,0,0,0) ;0 ;%(A.BACnet.B92_2.Reliability) ;%(A.BACnet.B92_2.OutOfService) || W;1 ;degrees-Celsius || W;%(CH.B92_2.Sonde.PhysValY1) || S(10.00);%(CH.B92_2.Sonde.PhysValY2) || S(10.00);0.1 ;0.5 || WP;%(CH.B92_2.Sonde.GwVerz) || WP;301 || WP;%(CH.B92_2.Sonde.LimHigh) || WS(10.00);%(CH.B92_2.Sonde.LimLow) || WS(10.00);%(CH.B92_2.Sonde.GwHyst) || WS(10.00);(1,1) || WP;(1,0,1) || WP;(1,1,1) ;alarm || WP;((),(),()) || P; || R;;;("Message","---","Normal") ;True ;((binary-value,22),present-value) || WP;%(A.BACnet.B92_2.Alarm.EventInhibit) || WP;0 || WP;FALSE || WP;%(A.BACnet.B92_2.PCDInRef) || S(10.00);;FALSE 
[AI 1];PD_T021_PCH_EH_VAN30_R01;%(CH.Y110_1.Van.FbSignal) || S(10.00);VANNE REGULATION ECHANGEUR 1 ;;(0,0,0,0) ;0 ;no-fault-detected ;%(A.BACnet.Y110_1.Signal.OutOfService) || W;;percent || W;0.0 ;100.0 ;0.1 ;0.5 || WP;;;;;;;;;;;;;;;;;;;;%(A.BACnet.Y110_1.Signal.PCDInRef) || S(10.00);;FALSE 
[AI 2];PD_T021_PCH_EH_VAN31_R01;%(CH.Y110_3.Van.FbSignal) || S(10.00);VANNE REGULATION ECHANGEUR 2 ;;(0,0,0,0) ;0 ;no-fault-detected ;%(A.BACnet.Y110_3.Signal.OutOfService) || W;;percent || W;0.0 ;100.0 ;0.1 ;0.5 || WP;;;;;;;;;;;;;;;;;;;;%(A.BACnet.Y110_3.Signal.PCDInRef) || S(10.00);;FALSE 
[AI 3];PD_T021_PCH_EH_VAN32_R01;%(CH.Y110_4.Van.FbSignal) || S(10.00);VANNE REGULATION ECHANGEUR 3 ;;(0,0,0,0) ;0 ;no-fault-detected ;%(A.BACnet.Y110_4.Signal.OutOfService) || W;;percent || W;0.0 ;100.0 ;0.1 ;0.5 || WP;;;;;;;;;;;;;;;;;;;;%(A.BACnet.Y110_4.Signal.PCDInRef) || S(10.00);;FALSE 
[AI 4];PD_T021_PCH_EH_VAN20_R01;%(CH.Y110_6.Van.FbSignal) || S(10.00);VANNE REGULATION DEPART CAD ;;(0,0,0,0) ;0 ;no-fault-detected ;%(A.BACnet.Y110_6.Signal.OutOfService) || W;;percent || W;0.0 ;100.0 ;0.1 ;0.5 || WP;;;;;;;;;;;;;;;;;;;;%(A.BACnet.Y110_6.Signal.PCDInRef) || S(10.00);;FALSE 
