OBJECT;object-name;present-value;description;device-type;status-flags;event-state;reliability;out-of-service;polarity;inactive-text;active-text;change-of-state-time;change-of-state-count;time-of-state-count-reset;elapsed-active-time;time-of-active-time-reset;time-delay;notification-class;alarm-value;event-enable;acked-transitions;notify-type;event-time-stamps;profile-name;event_message_text;event-message-texts;event-message-texts-config;event-detection-enable;event-algorithm-inhibit-ref;event-algorithm-inhibit;time-delay-normal;reliability-evaluation-inhibit;pcd-input-reference;pcd_alarm_status;unsolicited_cov_enabled
[BI 0];PD_T021_PCH_EH_SUT01_A01;%(Init.Tension.Surveillance.AlaVoltage) ;DEFAUT SURVEILLANCE DE TENSION TABLEAU ;n.a. ;(0,0,0,0) ;0 ;no-fault-detected ;%(A.BACnet.FuseGuard.AlMain.OutOfService) || W;%(Init.Tension.Surveillance.VoltageNoNc) ;Off || WP;On || WP;((?,?-?-?),(?:?:?.?)) || P;0 || WP;((?,?-?-?),(?:?:?.?)) || P;0 || WP;((?,?-?-?),(?:?:?.?)) || P;0 || WP;201 || WP;1 || WP;(1,0,1) || WP;(1,1,1) ;alarm || WP;((),(),()) || P; || R;;;("Alarme","---","Normal") ;True ;((binary-value,22),present-value) || WP;FALSE || WP;0 || WP;FALSE || WP;%(A.BACnet.FuseGuard.AlMain.PCDInRef) ;;FALSE 
[BI 6];PD_T021_PCH_EH_DSJ01_A01;%(Init.DisjCpt.Ala) ;DISJONCTEUR COMPTEURS DE CHALEUR ;n.a. ;(0,0,0,0) ;0 ;no-fault-detected ;%(A.BACnet.Disj_Compteurs.Alarm.OutOfService) || W;%(Init.DisjCpt.NoNc) || WP;Arret || WP;Marche || WP;((?,?-?-?),(?:?:?.?)) || P;0 || WP;((?,?-?-?),(?:?:?.?)) || P;0 || WP;((?,?-?-?),(?:?:?.?)) || P;0 || WP;301 || WP;1 || WP;(1,0,1) || WP;(1,1,1) ;alarm || WP;((),(),()) || P; || R;;;("Message","---","Normal") ;True ;((binary-value,22),present-value) || WP;%(A.BACnet.Disj_Compteurs.Alarm.EventInhibit) || WP;0 || WP;FALSE || WP;%(A.BACnet.Disj_Compteurs.Alarm.PCDInRef) ;;FALSE 
[BI 1];PD_T021_PCH_EH_MTE10_A01;%(Init.T_ext.Defaut.Ala) ;DEFAUT SONDE TEMPERATURE EXTERIEURE ;n.a. ;(0,0,0,0) ;0 ;no-fault-detected ;%(A.BACnet.PCD_EXTE_Defaut.Alarm.OutOfService) || W;%(Init.T_ext.Defaut.NoNc) || WP; || WP; || WP;((?,?-?-?),(?:?:?.?)) || P;0 || WP;((?,?-?-?),(?:?:?.?)) || P;0 || WP;((?,?-?-?),(?:?:?.?)) || P;0 || WP;301 || WP;1 || WP;(1,0,1) || WP;(1,1,1) ;alarm || WP;((),(),()) || P; || R;;;("Message","---","Normal") ;True ;((binary-value,22),present-value) || WP;%(A.BACnet.PCD_EXTE_Defaut.Alarm.EventInhibit) || WP;0 || WP;FALSE || WP;%(A.BACnet.PCD_EXTE_Defaut.Alarm.PCDInRef) ;;FALSE 
[BI 32];PD_T021_PCH_EH_MTE20_A01;%(CH.B90_1.Defaut.Ala) ;DEFAUT SONDE TEMPERATURE PRIM. ECHANGEUR 1 ALLER ;n.a. ;(0,0,0,0) ;0 ;no-fault-detected ;%(A.BACnet.B90_1Defaut.Alarm.OutOfService) || W;%(CH.B90_1.Defaut.NoNc) || WP; || WP; || WP;((?,?-?-?),(?:?:?.?)) || P;0 || WP;((?,?-?-?),(?:?:?.?)) || P;0 || WP;((?,?-?-?),(?:?:?.?)) || P;0 || WP;301 || WP;1 || WP;(1,0,1) || WP;(1,1,1) ;alarm || WP;((),(),()) || P; || R;;;("Message","---","Normal") ;True ;((binary-value,22),present-value) || WP;%(A.BACnet.B90_1Defaut.Alarm.EventInhibit) || WP;0 || WP;FALSE || WP;%(A.BACnet.B90_1Defaut.Alarm.PCDInRef) ;;FALSE 
[BI 19];PD_T021_PCH_EH_MTE30_A01;%(CH.B90_2.Defaut.Ala) ;DEFAUT SONDE TEMPERATURE PRIM. ECHANGEUR 1 RETOUR ;n.a. ;(0,0,0,0) ;0 ;no-fault-detected ;%(A.BACnet.B90_2Defaut.Alarm.OutOfService) || W;%(CH.B90_2.Defaut.NoNc) || WP; || WP; || WP;((?,?-?-?),(?:?:?.?)) || P;0 || WP;((?,?-?-?),(?:?:?.?)) || P;0 || WP;((?,?-?-?),(?:?:?.?)) || P;0 || WP;301 || WP;1 || WP;(1,0,1) || WP;(1,1,1) ;alarm || WP;((),(),()) || P; || R;;;("Message","---","Normal") ;True ;((binary-value,22),present-value) || WP;%(A.BACnet.B90_2Defaut.Alarm.EventInhibit) || WP;0 || WP;FALSE || WP;%(A.BACnet.B90_2Defaut.Alarm.PCDInRef) ;;FALSE 
[BI 20];PD_T021_PCH_EH_MTE21_A01;%(CH.B90_4.Defaut.Ala) ;DEFAUT SONDE TEMPERATURE PRIM. ECHANGEUR 2 ALLER ;n.a. ;(0,0,0,0) ;0 ;no-fault-detected ;%(A.BACnet.B90_4Defaut.Alarm.OutOfService) || W;%(CH.B90_4.Defaut.NoNc) || WP; || WP; || WP;((?,?-?-?),(?:?:?.?)) || P;0 || WP;((?,?-?-?),(?:?:?.?)) || P;0 || WP;((?,?-?-?),(?:?:?.?)) || P;0 || WP;301 || WP;1 || WP;(1,0,1) || WP;(1,1,1) ;alarm || WP;((),(),()) || P; || R;;;("Message","---","Normal") ;True ;((binary-value,22),present-value) || WP;%(A.BACnet.B90_4Defaut.Alarm.EventInhibit) || WP;0 || WP;FALSE || WP;%(A.BACnet.B90_4Defaut.Alarm.PCDInRef) ;;FALSE 
[BI 21];PD_T021_PCH_EH_MTE31_A01;%(CH.B90_5.Defaut.Ala) ;DEFAUT SONDE TEMPERATURE PRIM. ECHANGEUR 2 RETOUR ;n.a. ;(0,0,0,0) ;0 ;no-fault-detected ;%(A.BACnet.B90_5Defaut.Alarm.OutOfService) || W;%(CH.B90_5.Defaut.NoNc) || WP; || WP; || WP;((?,?-?-?),(?:?:?.?)) || P;0 || WP;((?,?-?-?),(?:?:?.?)) || P;0 || WP;((?,?-?-?),(?:?:?.?)) || P;0 || WP;301 || WP;1 || WP;(1,0,1) || WP;(1,1,1) ;alarm || WP;((),(),()) || P; || R;;;("Message","---","Normal") ;True ;((binary-value,22),present-value) || WP;%(A.BACnet.B90_5Defaut.Alarm.EventInhibit) || WP;0 || WP;FALSE || WP;%(A.BACnet.B90_5Defaut.Alarm.PCDInRef) ;;FALSE 
[BI 22];PD_T021_PCH_EH_MTE22_A01;%(CH.B90_7.Defaut.Ala) ;DEFAUT SONDE TEMPERATURE PRIM. ECHANGEUR 3 ALLER ;n.a. ;(0,0,0,0) ;0 ;no-fault-detected ;%(A.BACnet.B90_7Defaut.Alarm.OutOfService) || W;%(CH.B90_7.Defaut.NoNc) || WP; || WP; || WP;((?,?-?-?),(?:?:?.?)) || P;0 || WP;((?,?-?-?),(?:?:?.?)) || P;0 || WP;((?,?-?-?),(?:?:?.?)) || P;0 || WP;301 || WP;1 || WP;(1,0,1) || WP;(1,1,1) ;alarm || WP;((),(),()) || P; || R;;;("Message","---","Normal") ;True ;((binary-value,22),present-value) || WP;%(A.BACnet.B90_7Defaut.Alarm.EventInhibit) || WP;0 || WP;FALSE || WP;%(A.BACnet.B90_7Defaut.Alarm.PCDInRef) ;;FALSE 
[BI 23];PD_T021_PCH_EH_MTE32_A01;%(CH.B90_8.Defaut.Ala) ;DEFAUT SONDE TEMPERATURE PRIM. ECHANGEUR 3 RETOUR ;n.a. ;(0,0,0,0) ;0 ;no-fault-detected ;%(A.BACnet.B90_8Defaut.Alarm.OutOfService) || W;%(CH.B90_8.Defaut.NoNc) || WP; || WP; || WP;((?,?-?-?),(?:?:?.?)) || P;0 || WP;((?,?-?-?),(?:?:?.?)) || P;0 || WP;((?,?-?-?),(?:?:?.?)) || P;0 || WP;301 || WP;1 || WP;(1,0,1) || WP;(1,1,1) ;alarm || WP;((),(),()) || P; || R;;;("Message","---","Normal") ;True ;((binary-value,22),present-value) || WP;%(A.BACnet.B90_8Defaut.Alarm.EventInhibit) || WP;0 || WP;FALSE || WP;%(A.BACnet.B90_8Defaut.Alarm.PCDInRef) ;;FALSE 
[BI 24];PD_T021_PCH_EH_MTE23_A01;%(CH.B91_1.Defaut.Ala) ;DEFAUT SONDE TEMPERATURE SEC. ECHANGEUR 1 ALLER ;n.a. ;(0,0,0,0) ;0 ;no-fault-detected ;%(A.BACnet.B91_1Defaut.Alarm.OutOfService) || W;%(CH.B91_1.Defaut.NoNc) || WP; || WP; || WP;((?,?-?-?),(?:?:?.?)) || P;0 || WP;((?,?-?-?),(?:?:?.?)) || P;0 || WP;((?,?-?-?),(?:?:?.?)) || P;0 || WP;201 || WP;1 || WP;(1,0,1) || WP;(1,1,1) ;alarm || WP;((),(),()) || P; || R;;;("Alarme","---","Normal") ;True ;((binary-value,22),present-value) || WP;%(A.BACnet.B91_1Defaut.Alarm.EventInhibit) || WP;0 || WP;FALSE || WP;%(A.BACnet.B91_1Defaut.Alarm.PCDInRef) ;;FALSE 
[BI 25];PD_T021_PCH_EH_MTE33_A01;%(CH.B91_2.Defaut.Ala) ;DEFAUT SONDE TEMPERATURE SEC. ECHANGEUR 1 RETOUR ;n.a. ;(0,0,0,0) ;0 ;no-fault-detected ;%(A.BACnet.B91_2Defaut.Alarm.OutOfService) || W;%(CH.B91_2.Defaut.NoNc) || WP; || WP; || WP;((?,?-?-?),(?:?:?.?)) || P;0 || WP;((?,?-?-?),(?:?:?.?)) || P;0 || WP;((?,?-?-?),(?:?:?.?)) || P;0 || WP;301 || WP;1 || WP;(1,0,1) || WP;(1,1,1) ;alarm || WP;((),(),()) || P; || R;;;("Message","---","Normal") ;True ;((binary-value,22),present-value) || WP;%(A.BACnet.B91_2Defaut.Alarm.EventInhibit) || WP;0 || WP;FALSE || WP;%(A.BACnet.B91_2Defaut.Alarm.PCDInRef) ;;FALSE 
[BI 26];PD_T021_PCH_EH_MTE24_A01;%(CH.B91_4.Defaut.Ala) ;DEFAUT SONDE TEMPERATURE SEC. ECHANGEUR 2 ALLER ;n.a. ;(0,0,0,0) ;0 ;no-fault-detected ;%(A.BACnet.B91_4Defaut.Alarm.OutOfService) || W;%(CH.B91_4.Defaut.NoNc) || WP; || WP; || WP;((?,?-?-?),(?:?:?.?)) || P;0 || WP;((?,?-?-?),(?:?:?.?)) || P;0 || WP;((?,?-?-?),(?:?:?.?)) || P;0 || WP;201 || WP;1 || WP;(1,0,1) || WP;(1,1,1) ;alarm || WP;((),(),()) || P; || R;;;("Alarme","---","Normal") ;True ;((binary-value,22),present-value) || WP;%(A.BACnet.B91_4Defaut.Alarm.EventInhibit) || WP;0 || WP;FALSE || WP;%(A.BACnet.B91_4Defaut.Alarm.PCDInRef) ;;FALSE 
[BI 27];PD_T021_PCH_EH_MTE34_A01;%(CH.B91_5.Defaut.Ala) ;DEFAUT SONDE TEMPERATURE SEC. ECHANGEUR 2 RETOUR ;n.a. ;(0,0,0,0) ;0 ;no-fault-detected ;%(A.BACnet.B91_5Defaut.Alarm.OutOfService) || W;%(CH.B91_5.Defaut.NoNc) || WP; || WP; || WP;((?,?-?-?),(?:?:?.?)) || P;0 || WP;((?,?-?-?),(?:?:?.?)) || P;0 || WP;((?,?-?-?),(?:?:?.?)) || P;0 || WP;301 || WP;1 || WP;(1,0,1) || WP;(1,1,1) ;alarm || WP;((),(),()) || P; || R;;;("Message","---","Normal") ;True ;((binary-value,22),present-value) || WP;%(A.BACnet.B91_5Defaut.Alarm.EventInhibit) || WP;0 || WP;FALSE || WP;%(A.BACnet.B91_5Defaut.Alarm.PCDInRef) ;;FALSE 
[BI 28];PD_T021_PCH_EH_MTE25_A01;%(CH.B91_7.Defaut.Ala) ;DEFAUT SONDE TEMPERATURE SEC. ECHANGEUR 3 ALLER ;n.a. ;(0,0,0,0) ;0 ;no-fault-detected ;%(A.BACnet.B91_7Defaut.Alarm.OutOfService) || W;%(CH.B91_7.Defaut.NoNc) || WP; || WP; || WP;((?,?-?-?),(?:?:?.?)) || P;0 || WP;((?,?-?-?),(?:?:?.?)) || P;0 || WP;((?,?-?-?),(?:?:?.?)) || P;0 || WP;201 || WP;1 || WP;(1,0,1) || WP;(1,1,1) ;alarm || WP;((),(),()) || P; || R;;;("Alarme","---","Normal") ;True ;((binary-value,22),present-value) || WP;%(A.BACnet.B91_7Defaut.Alarm.EventInhibit) || WP;0 || WP;FALSE || WP;%(A.BACnet.B91_7Defaut.Alarm.PCDInRef) ;;FALSE 
[BI 29];PD_T021_PCH_EH_MTE35_A01;%(CH.B91_8.Defaut.Ala) ;DEFAUT SONDE TEMPERATURE SEC. ECHANGEUR 3 RETOUR ;n.a. ;(0,0,0,0) ;0 ;no-fault-detected ;%(A.BACnet.B91_8Defaut.Alarm.OutOfService) || W;%(CH.B91_8.Defaut.NoNc) || WP; || WP; || WP;((?,?-?-?),(?:?:?.?)) || P;0 || WP;((?,?-?-?),(?:?:?.?)) || P;0 || WP;((?,?-?-?),(?:?:?.?)) || P;0 || WP;301 || WP;1 || WP;(1,0,1) || WP;(1,1,1) ;alarm || WP;((),(),()) || P; || R;;;("Message","---","Normal") ;True ;((binary-value,22),present-value) || WP;%(A.BACnet.B91_8Defaut.Alarm.EventInhibit) || WP;0 || WP;FALSE || WP;%(A.BACnet.B91_8Defaut.Alarm.PCDInRef) ;;FALSE 
[BI 30];PD_T021_PCH_EH_MTE26_A01;%(CH.B92_1.Defaut.Ala) ;DEFAUT SONDE TEMPERATURE DEPART CAD ;n.a. ;(0,0,0,0) ;0 ;no-fault-detected ;%(A.BACnet.B92_1Defaut.Alarm.OutOfService) || W;%(CH.B92_1.Defaut.NoNc) || WP; || WP; || WP;((?,?-?-?),(?:?:?.?)) || P;0 || WP;((?,?-?-?),(?:?:?.?)) || P;0 || WP;((?,?-?-?),(?:?:?.?)) || P;0 || WP;301 || WP;1 || WP;(1,0,1) || WP;(1,1,1) ;alarm || WP;((),(),()) || P; || R;;;("Message","---","Normal") ;True ;((binary-value,22),present-value) || WP;%(A.BACnet.B92_1Defaut.Alarm.EventInhibit) || WP;0 || WP;FALSE || WP;%(A.BACnet.B92_1Defaut.Alarm.PCDInRef) ;;FALSE 
[BI 31];PD_T021_PCH_EH_MTE36_A01;%(CH.B92_2.Defaut.Ala) ;DEFAUT SONDE TEMPERATURE RETOUR CAD ;n.a. ;(0,0,0,0) ;0 ;no-fault-detected ;%(A.BACnet.B92_2Defaut.Alarm.OutOfService) || W;%(CH.B92_2.Defaut.NoNc) || WP; || WP; || WP;((?,?-?-?),(?:?:?.?)) || P;0 || WP;((?,?-?-?),(?:?:?.?)) || P;0 || WP;((?,?-?-?),(?:?:?.?)) || P;0 || WP;301 || WP;1 || WP;(1,0,1) || WP;(1,1,1) ;alarm || WP;((),(),()) || P; || R;;;("Message","---","Normal") ;True ;((binary-value,22),present-value) || WP;%(A.BACnet.B92_2Defaut.Alarm.EventInhibit) || WP;0 || WP;FALSE || WP;%(A.BACnet.B92_2Defaut.Alarm.PCDInRef) ;;FALSE 
[BI 43];PD_T021_PCH_EH_THA20_A01;%(CH.F95_1.Ala.Ala) ;THERMOSTAT SECONDAIRE ECHANGEUR 1 ;n.a. ;(0,0,0,0) ;0 ;no-fault-detected ;%(A.BACnet.F95_1.Alarm.OutOfService) || W;%(CH.F95_1.Ala.NoNc) || WP; || WP; || WP;((?,?-?-?),(?:?:?.?)) || P;0 || WP;((?,?-?-?),(?:?:?.?)) || P;0 || WP;((?,?-?-?),(?:?:?.?)) || P;0 || WP;301 || WP;1 || WP;(1,0,1) || WP;(1,1,1) ;alarm || WP;((),(),()) || P; || R;;;("Message","---","Normal") ;True ;((binary-value,22),present-value) || WP;%(A.BACnet.F95_1.Alarm.EventInhibit) || WP;0 || WP;FALSE || WP;%(A.BACnet.F95_1.Alarm.PCDInRef) ;;FALSE 
[BI 44];PD_T021_PCH_EH_THA21_A01;%(CH.F95_3.Ala.Ala) ;THERMOSTAT SECONDAIRE ECHANGEUR 2 ;n.a. ;(0,0,0,0) ;0 ;no-fault-detected ;%(A.BACnet.F95_3.Alarm.OutOfService) || W;%(CH.F95_3.Ala.NoNc) || WP; || WP; || WP;((?,?-?-?),(?:?:?.?)) || P;0 || WP;((?,?-?-?),(?:?:?.?)) || P;0 || WP;((?,?-?-?),(?:?:?.?)) || P;0 || WP;301 || WP;1 || WP;(1,0,1) || WP;(1,1,1) ;alarm || WP;((),(),()) || P; || R;;;("Message","---","Normal") ;True ;((binary-value,22),present-value) || WP;%(A.BACnet.F95_3.Alarm.EventInhibit) || WP;0 || WP;FALSE || WP;%(A.BACnet.F95_3.Alarm.PCDInRef) ;;FALSE 
[BI 45];PD_T021_PCH_EH_THA22_A01;%(CH.F95_5.Ala.Ala) ;THERMOSTAT SECONDAIRE ECHANGEUR 3 ;n.a. ;(0,0,0,0) ;0 ;no-fault-detected ;%(A.BACnet.F95_5.Alarm.OutOfService) || W;%(CH.F95_5.Ala.NoNc) || WP; || WP; || WP;((?,?-?-?),(?:?:?.?)) || P;0 || WP;((?,?-?-?),(?:?:?.?)) || P;0 || WP;((?,?-?-?),(?:?:?.?)) || P;0 || WP;301 || WP;1 || WP;(1,0,1) || WP;(1,1,1) ;alarm || WP;((),(),()) || P; || R;;;("Message","---","Normal") ;True ;((binary-value,22),present-value) || WP;%(A.BACnet.F95_5.Alarm.EventInhibit) || WP;0 || WP;FALSE || WP;%(A.BACnet.F95_5.Alarm.PCDInRef) ;;FALSE 
[BI 33];PD_T021_PCH_EH_PPE20_A03;%(CH.M30_2.Ala.MotAla) ;DISJONCTEUR CIRCULATEUR 1 CAD ;;(0,0,0,0) ;0 ;no-fault-detected ;%(A.BACnet.M30_2Ala.AlMot.OutOfService) || W;%(CH.M30_2.Ala.MotNoNc) ;Off || WP;On || WP;((?,?-?-?),(?:?:?.?)) || P;0 || WP;((?,?-?-?),(?:?:?.?)) || P;0 || WP;((?,?-?-?),(?:?:?.?)) || P;0 || WP;301 || WP;1 || WP;(1,0,1) || WP;(1,1,1) ;alarm || WP;((),(),()) || P; || R;;;("Message","---","Normal") ;True ;((binary-value,22),present-value) || WP;%(A.BACnet.M30_2Ala.AlMot.EventInhibit) || WP;0 || WP;FALSE || WP;%(A.BACnet.M30_2Ala.AlMot.PCDInRef) ;;FALSE 
[BI 34];PD_T021_PCH_EH_PPE20_A04;%(CH.M30_2.Ala.SsAla) ;INTERRUPTEUR DE REVISION CIRCULATEUR 1 CAD ;;(0,0,0,0) ;0 ;no-fault-detected ;%(A.BACnet.M30_2Ala.AlMSwitch.OutOfService) || W;%(CH.M30_2.Ala.SsNoNc) ;Off || WP;On || WP;((?,?-?-?),(?:?:?.?)) || P;0 || WP;((?,?-?-?),(?:?:?.?)) || P;0 || WP;((?,?-?-?),(?:?:?.?)) || P;0 || WP;301 || WP;1 || WP;(1,0,1) || WP;(1,1,1) ;alarm || WP;((),(),()) || P; || R;;;("Message","---","Normal") ;True ;((binary-value,22),present-value) || WP;%(A.BACnet.M30_2Ala.AlMSwitch.EventInhibit) || WP;0 || WP;FALSE || WP;%(A.BACnet.M30_2Ala.AlMSwitch.PCDInRef) ;;FALSE 
[BI 35];PD_T021_PCH_EH_PPE20_A05;%(CH.M30_2.Ala.ManAla) ;SORTIE DIGITALE EN MANUEL CIRCULATEUR 1 CAD ;;(0,0,0,0) ;0 ;no-fault-detected ;%(A.BACnet.M30_2Ala.AlMInt.OutOfService) || W;%(CH.M30_2.Ala.ManNoNc) ;Off || WP;On || WP;((?,?-?-?),(?:?:?.?)) || P;0 || WP;((?,?-?-?),(?:?:?.?)) || P;0 || WP;((?,?-?-?),(?:?:?.?)) || P;0 || WP;401 || WP;1 || WP;(1,1,1) || WP;(1,1,1) ;event || WP;((),(),()) || P; || R;;;("Maintenance","---","---") ;True ;((binary-value,22),present-value) || WP;%(A.BACnet.M30_2Ala.AlMInt.EventInhibit) || WP;0 || WP;FALSE || WP;%(A.BACnet.M30_2Ala.AlMInt.PCDInRef) ;;FALSE 
[BI 37];PD_T021_PCH_EH_PPE20_E01;%(CH.M30_2.Mot.Feedback) || W;M30.2 RM ;n.a. || WP;(0,0,0,0) ;0 ;no-fault-detected ;%(A.BACnet.M30_2.Feedback.OutOfService) || W;normal ;Aus || WP;Ein || WP;((?,?-?-?),(?:?:?.?)) || P;0 || WP;((?,?-?-?),(?:?:?.?)) || P;0 || WP;((?,?-?-?),(?:?:?.?)) || P;;;;;;;;n.a. || R;;;;;;;;;%(A.BACnet.M30_2.Feedback.PCDInRef) ;;FALSE 
[BI 36];PD_T021_PCH_EH_PPE20_A06;%(CH.M30_2.FSoft.Ala) ;FORCAGE SOFTWARE CIRCULATEUR 1 CAD ;n.a. ;(0,0,0,0) ;0 ;no-fault-detected ;%(A.BACnet.M30_2ForcSoft.Alarm.OutOfService) || W;%(CH.M30_2.FSoft.NoNc) || WP; || WP; || WP;((?,?-?-?),(?:?:?.?)) || P;0 || WP;((?,?-?-?),(?:?:?.?)) || P;0 || WP;((?,?-?-?),(?:?:?.?)) || P;0 || WP;401 || WP;1 || WP;(1,1,1) || WP;(1,1,1) ;event || WP;((),(),()) || P; || R;;;("Maintenance","---","---") ;True ;((binary-value,22),present-value) || WP;%(A.BACnet.M30_2ForcSoft.Alarm.EventInhibit) || WP;0 || WP;FALSE || WP;%(A.BACnet.M30_2ForcSoft.Alarm.PCDInRef) ;;FALSE 
[BI 38];PD_T021_PCH_EH_PPE21_A03;%(CH.M40_2.Ala.MotAla) ;DISJONCTEUR CIRCULATEUR 2 CAD ;;(0,0,0,0) ;0 ;no-fault-detected ;%(A.BACnet.M40_2Ala.AlMot.OutOfService) || W;%(CH.M40_2.Ala.MotNoNc) ;Off || WP;On || WP;((?,?-?-?),(?:?:?.?)) || P;0 || WP;((?,?-?-?),(?:?:?.?)) || P;0 || WP;((?,?-?-?),(?:?:?.?)) || P;0 || WP;301 || WP;1 || WP;(1,0,1) || WP;(1,1,1) ;alarm || WP;((),(),()) || P; || R;;;("Message","---","Normal") ;True ;((binary-value,22),present-value) || WP;%(A.BACnet.M40_2Ala.AlMot.EventInhibit) || WP;0 || WP;FALSE || WP;%(A.BACnet.M40_2Ala.AlMot.PCDInRef) ;;FALSE 
[BI 39];PD_T021_PCH_EH_PPE21_A04;%(CH.M40_2.Ala.SsAla) ;INTERRUPTEUR DE REVISION CIRCULATEUR 2 CAD ;;(0,0,0,0) ;0 ;no-fault-detected ;%(A.BACnet.M40_2Ala.AlMSwitch.OutOfService) || W;%(CH.M40_2.Ala.SsNoNc) ;Off || WP;On || WP;((?,?-?-?),(?:?:?.?)) || P;0 || WP;((?,?-?-?),(?:?:?.?)) || P;0 || WP;((?,?-?-?),(?:?:?.?)) || P;0 || WP;301 || WP;1 || WP;(1,0,1) || WP;(1,1,1) ;alarm || WP;((),(),()) || P; || R;;;("Message","---","Normal") ;True ;((binary-value,22),present-value) || WP;%(A.BACnet.M40_2Ala.AlMSwitch.EventInhibit) || WP;0 || WP;FALSE || WP;%(A.BACnet.M40_2Ala.AlMSwitch.PCDInRef) ;;FALSE 
[BI 40];PD_T021_PCH_EH_PPE21_A06;%(CH.M40_2.Ala.ManAla) ;SORTIE DIGITALE EN MANUEL CIRCULATEUR 2 CAD ;;(0,0,0,0) ;0 ;no-fault-detected ;%(A.BACnet.M40_2Ala.AlMInt.OutOfService) || W;%(CH.M40_2.Ala.ManNoNc) ;Off || WP;On || WP;((?,?-?-?),(?:?:?.?)) || P;0 || WP;((?,?-?-?),(?:?:?.?)) || P;0 || WP;((?,?-?-?),(?:?:?.?)) || P;0 || WP;401 || WP;1 || WP;(1,1,1) || WP;(1,1,1) ;event || WP;((),(),()) || P; || R;;;("Maintenance","---","---") ;True ;((binary-value,22),present-value) || WP;%(A.BACnet.M40_2Ala.AlMInt.EventInhibit) || WP;0 || WP;FALSE || WP;%(A.BACnet.M40_2Ala.AlMInt.PCDInRef) ;;FALSE 
[BI 42];PD_T021_PCH_EH_PPE21_E01;%(CH.M40_2.Mot.Feedback) || W;M40.2 RM ;n.a. || WP;(0,0,0,0) ;0 ;no-fault-detected ;%(A.BACnet.M40_2.Feedback.OutOfService) || W;normal ;Aus || WP;Ein || WP;((?,?-?-?),(?:?:?.?)) || P;0 || WP;((?,?-?-?),(?:?:?.?)) || P;0 || WP;((?,?-?-?),(?:?:?.?)) || P;;;;;;;;n.a. || R;;;;;;;;;%(A.BACnet.M40_2.Feedback.PCDInRef) ;;FALSE 
[BI 41];PD_T021_PCH_EH_PPE21_A05;%(CH.M40_2.FSoft.Ala) ;FORCAGE SOFTWARE CIRCULATEUR 2 CAD ;n.a. ;(0,0,0,0) ;0 ;no-fault-detected ;%(A.BACnet.M40_2ForcSoft.Alarm.OutOfService) || W;%(CH.M40_2.FSoft.NoNc) || WP; || WP; || WP;((?,?-?-?),(?:?:?.?)) || P;0 || WP;((?,?-?-?),(?:?:?.?)) || P;0 || WP;((?,?-?-?),(?:?:?.?)) || P;0 || WP;401 || WP;1 || WP;(1,1,1) || WP;(1,1,1) ;event || WP;((),(),()) || P; || R;;;("Maintenance","---","---") ;True ;((binary-value,22),present-value) || WP;%(A.BACnet.M40_2ForcSoft.Alarm.EventInhibit) || WP;0 || WP;FALSE || WP;%(A.BACnet.M40_2ForcSoft.Alarm.PCDInRef) ;;FALSE 
[BI 2];PD_T021_PCH_EH_VAT30_A03;%(CH.Y100_1.Van.ManAla) ;SORTIE DIGITALE EN MANUEL VANNE ISOLEMENT ECHANGEUR 1 ;;(0,0,0,0) ;0 ;no-fault-detected ;%(A.BACnet.Y100_1.AlMInt.OutOfService) || W;%(CH.Y100_1.Van.ManNoNc) ;Off || WP;On || WP;((?,?-?-?),(?:?:?.?)) || P;0 || WP;((?,?-?-?),(?:?:?.?)) || P;0 || WP;((?,?-?-?),(?:?:?.?)) || P;0 || WP;401 || WP;1 || WP;(1,1,1) || WP;(1,1,1) ;event || WP;((),(),()) || P; || R;;;("Maintenance","---","---") ;True ;((binary-value,22),present-value) || WP;%(A.BACnet.Y100_1.AlMInt.EventInhibit) || WP;0 || WP;FALSE || WP;%(A.BACnet.Y100_1.AlMInt.PCDInRef) ;;FALSE 
[BI 3];PD_T021_PCH_EH_VAT30_A04;%(CH.Y100_1.FSoft1.Ala) ;FORCAGE SOFTWARE VANNE ISOLEMENT ECHANGEUR 1 ;n.a. ;(0,0,0,0) ;0 ;no-fault-detected ;%(A.BACnet.Y100_1ForcSoft1.Alarm.OutOfService) || W;%(CH.Y100_1.FSoft1.NoNc) || WP; || WP; || WP;((?,?-?-?),(?:?:?.?)) || P;0 || WP;((?,?-?-?),(?:?:?.?)) || P;0 || WP;((?,?-?-?),(?:?:?.?)) || P;0 || WP;401 || WP;1 || WP;(1,1,1) || WP;(1,1,1) ;event || WP;((),(),()) || P; || R;;;("Maintenance","---","---") ;True ;((binary-value,22),present-value) || WP;%(A.BACnet.Y100_1ForcSoft1.Alarm.EventInhibit) || WP;0 || WP;FALSE || WP;%(A.BACnet.Y100_1ForcSoft1.Alarm.PCDInRef) ;;FALSE 
[BI 7];PD_T021_PCH_EH_VAT31_A03;%(CH.Y100_4.Van.ManAla) ;SORTIE DIGITALE EN MANUEL VANNE ISOLEMENT ECHANGEUR 2 ;;(0,0,0,0) ;0 ;no-fault-detected ;%(A.BACnet.Y100_4.AlMInt.OutOfService) || W;%(CH.Y100_4.Van.ManNoNc) ;Off || WP;On || WP;((?,?-?-?),(?:?:?.?)) || P;0 || WP;((?,?-?-?),(?:?:?.?)) || P;0 || WP;((?,?-?-?),(?:?:?.?)) || P;0 || WP;401 || WP;1 || WP;(1,1,1) || WP;(1,1,1) ;event || WP;((),(),()) || P; || R;;;("Maintenance","---","---") ;True ;((binary-value,22),present-value) || WP;%(A.BACnet.Y100_4.AlMInt.EventInhibit) || WP;0 || WP;FALSE || WP;%(A.BACnet.Y100_4.AlMInt.PCDInRef) ;;FALSE 
[BI 8];PD_T021_PCH_EH_VAT31_A04;%(CH.Y100_4.FSoft1.Ala) ;FORCAGE SOFTWARE VANNE ISOLEMENT ECHANGEUR 2 ;n.a. ;(0,0,0,0) ;0 ;no-fault-detected ;%(A.BACnet.Y100_4ForcSoft1.Alarm.OutOfService) || W;%(CH.Y100_4.FSoft1.NoNc) || WP; || WP; || WP;((?,?-?-?),(?:?:?.?)) || P;0 || WP;((?,?-?-?),(?:?:?.?)) || P;0 || WP;((?,?-?-?),(?:?:?.?)) || P;0 || WP;401 || WP;1 || WP;(1,1,1) || WP;(1,1,1) ;event || WP;((),(),()) || P; || R;;;("Maintenance","---","---") ;True ;((binary-value,22),present-value) || WP;%(A.BACnet.Y100_4ForcSoft1.Alarm.EventInhibit) || WP;0 || WP;FALSE || WP;%(A.BACnet.Y100_4ForcSoft1.Alarm.PCDInRef) ;;FALSE 
[BI 9];PD_T021_PCH_EH_VAT32_A03;%(CH.Y100_7.Van.ManAla) ;SORTIE DIGITALE EN MANUEL VANNE ISOLEMENT ECHANGEUR 3 ;;(0,0,0,0) ;0 ;no-fault-detected ;%(A.BACnet.Y100_7.AlMInt.OutOfService) || W;%(CH.Y100_7.Van.ManNoNc) ;Off || WP;On || WP;((?,?-?-?),(?:?:?.?)) || P;0 || WP;((?,?-?-?),(?:?:?.?)) || P;0 || WP;((?,?-?-?),(?:?:?.?)) || P;0 || WP;401 || WP;1 || WP;(1,1,1) || WP;(1,1,1) ;event || WP;((),(),()) || P; || R;;;("Maintenance","---","---") ;True ;((binary-value,22),present-value) || WP;%(A.BACnet.Y100_7.AlMInt.EventInhibit) || WP;0 || WP;FALSE || WP;%(A.BACnet.Y100_7.AlMInt.PCDInRef) ;;FALSE 
[BI 10];PD_T021_PCH_EH_VAT32_A04;%(CH.Y100_7.FSoft1.Ala) ;FORCAGE SOFTWARE VANNE ISOLEMENT ECHANGEUR 3 ;n.a. ;(0,0,0,0) ;0 ;no-fault-detected ;%(A.BACnet.Y100_7ForcSoft1.Alarm.OutOfService) || W;%(CH.Y100_7.FSoft1.NoNc) || WP; || WP; || WP;((?,?-?-?),(?:?:?.?)) || P;0 || WP;((?,?-?-?),(?:?:?.?)) || P;0 || WP;((?,?-?-?),(?:?:?.?)) || P;0 || WP;401 || WP;1 || WP;(1,1,1) || WP;(1,1,1) ;event || WP;((),(),()) || P; || R;;;("Maintenance","---","---") ;True ;((binary-value,22),present-value) || WP;%(A.BACnet.Y100_7ForcSoft1.Alarm.EventInhibit) || WP;0 || WP;FALSE || WP;%(A.BACnet.Y100_7ForcSoft1.Alarm.PCDInRef) ;;FALSE 
[BI 11];PD_T021_PCH_EH_VAT33_A03;%(CH.Y101_1.Van.ManAla) ;SORTIE DIGITALE EN MANUEL VANNE ISOLEMENT ECHANGEUR POSTE DIRECTEUR ;;(0,0,0,0) ;0 ;no-fault-detected ;%(A.BACnet.Y101_1.AlMInt.OutOfService) || W;%(CH.Y101_1.Van.ManNoNc) ;Off || WP;On || WP;((?,?-?-?),(?:?:?.?)) || P;0 || WP;((?,?-?-?),(?:?:?.?)) || P;0 || WP;((?,?-?-?),(?:?:?.?)) || P;0 || WP;401 || WP;1 || WP;(1,1,1) || WP;(1,1,1) ;event || WP;((),(),()) || P; || R;;;("Maintenance","---","---") ;True ;((binary-value,22),present-value) || WP;%(A.BACnet.Y101_1.AlMInt.EventInhibit) || WP;0 || WP;FALSE || WP;%(A.BACnet.Y101_1.AlMInt.PCDInRef) ;;FALSE 
[BI 12];PD_T021_PCH_EH_VAT33_A04;%(CH.Y101_1.FSoft1.Ala) ;FORCAGE SOFTWARE VANNE ISOLEMENT ECHANGEUR POSTE DIRECTEUR ;n.a. ;(0,0,0,0) ;0 ;no-fault-detected ;%(A.BACnet.Y101_1ForcSoft1.Alarm.OutOfService) || W;%(CH.Y101_1.FSoft1.NoNc) || WP; || WP; || WP;((?,?-?-?),(?:?:?.?)) || P;0 || WP;((?,?-?-?),(?:?:?.?)) || P;0 || WP;((?,?-?-?),(?:?:?.?)) || P;0 || WP;401 || WP;1 || WP;(1,1,1) || WP;(1,1,1) ;event || WP;((),(),()) || P; || R;;;("Maintenance","---","---") ;True ;((binary-value,22),present-value) || WP;%(A.BACnet.Y101_1ForcSoft1.Alarm.EventInhibit) || WP;0 || WP;FALSE || WP;%(A.BACnet.Y101_1ForcSoft1.Alarm.PCDInRef) ;;FALSE 
[BI 4];PD_T021_PCH_EH_VAN30_A03;%(CH.Y110_1.Van.ManAla) ;SORTIE ANALOGIQUE EN MANUEL VANNE REGULATION ECHANGEUR 1 ;;(0,0,0,0) ;0 ;no-fault-detected ;%(A.BACnet.Y110_1.AlMint.OutOfService) || W;%(CH.Y110_1.Van.ManNoNc) ;Off || WP;On || WP;((?,?-?-?),(?:?:?.?)) || P;0 || WP;((?,?-?-?),(?:?:?.?)) || P;0 || WP;((?,?-?-?),(?:?:?.?)) || P;0 || WP;401 || WP;1 || WP;(1,1,1) || WP;(1,1,1) ;event || WP;((),(),()) || P; || R;;;("Maintenance","---","---") ;True ;((binary-value,22),present-value) || WP;%(A.BACnet.Y110_1.AlMInt.EventInhibit) || WP;0 || WP;FALSE || WP;%(A.BACnet.Y110_1.AlMint.PCDInRef) ;;FALSE 
[BI 5];PD_T021_PCH_EH_VAN30_A04;%(CH.Y110_1.FSoft1.Ala) ;FORCAGE SOFTWARE VANNE REGULATION ECHANGEUR 1 ;n.a. ;(0,0,0,0) ;0 ;no-fault-detected ;%(A.BACnet.Y110_1ForcSoft1.Alarm.OutOfService) || W;%(CH.Y110_1.FSoft1.NoNc) || WP; || WP; || WP;((?,?-?-?),(?:?:?.?)) || P;0 || WP;((?,?-?-?),(?:?:?.?)) || P;0 || WP;((?,?-?-?),(?:?:?.?)) || P;0 || WP;401 || WP;1 || WP;(1,1,1) || WP;(1,1,1) ;event || WP;((),(),()) || P; || R;;;("Maintenance","---","---") ;True ;((binary-value,22),present-value) || WP;%(A.BACnet.Y110_1ForcSoft1.Alarm.EventInhibit) || WP;0 || WP;FALSE || WP;%(A.BACnet.Y110_1ForcSoft1.Alarm.PCDInRef) ;;FALSE 
[BI 14];PD_T021_PCH_EH_VAN31_A03;%(CH.Y110_3.Van.ManAla) ;SORTIE ANALOGIQUE EN MANUEL VANNE REGULATION ECHANGEUR 2 ;;(0,0,0,0) ;0 ;no-fault-detected ;%(A.BACnet.Y110_3.AlMint.OutOfService) || W;%(CH.Y110_3.Van.ManNoNc) ;Off || WP;On || WP;((?,?-?-?),(?:?:?.?)) || P;0 || WP;((?,?-?-?),(?:?:?.?)) || P;0 || WP;((?,?-?-?),(?:?:?.?)) || P;0 || WP;401 || WP;1 || WP;(1,1,1) || WP;(1,1,1) ;event || WP;((),(),()) || P; || R;;;("Maintenance","---","---") ;True ;((binary-value,22),present-value) || WP;%(A.BACnet.Y110_3.AlMInt.EventInhibit) || WP;0 || WP;FALSE || WP;%(A.BACnet.Y110_3.AlMint.PCDInRef) ;;FALSE 
[BI 13];PD_T021_PCH_EH_VAN31_A04;%(CH.Y110_3.FSoft1.Ala) ;FORCAGE SOFTWARE VANNE REGULATION ECHANGEUR 2 ;n.a. ;(0,0,0,0) ;0 ;no-fault-detected ;%(A.BACnet.Y110_3ForcSoft1.Alarm.OutOfService) || W;%(CH.Y110_3.FSoft1.NoNc) || WP; || WP; || WP;((?,?-?-?),(?:?:?.?)) || P;0 || WP;((?,?-?-?),(?:?:?.?)) || P;0 || WP;((?,?-?-?),(?:?:?.?)) || P;0 || WP;401 || WP;1 || WP;(1,1,1) || WP;(1,1,1) ;event || WP;((),(),()) || P; || R;;;("Maintenance","---","---") ;True ;((binary-value,22),present-value) || WP;%(A.BACnet.Y110_3ForcSoft1.Alarm.EventInhibit) || WP;0 || WP;FALSE || WP;%(A.BACnet.Y110_3ForcSoft1.Alarm.PCDInRef) ;;FALSE 
[BI 16];PD_T021_PCH_EH_VAN32_A03;%(CH.Y110_4.Van.ManAla) ;SORTIE ANALOGIQUE EN MANUEL VANNE REGULATION ECHANGEUR 3 ;;(0,0,0,0) ;0 ;no-fault-detected ;%(A.BACnet.Y110_4.AlMint.OutOfService) || W;%(CH.Y110_4.Van.ManNoNc) ;Off || WP;On || WP;((?,?-?-?),(?:?:?.?)) || P;0 || WP;((?,?-?-?),(?:?:?.?)) || P;0 || WP;((?,?-?-?),(?:?:?.?)) || P;0 || WP;401 || WP;1 || WP;(1,1,1) || WP;(1,1,1) ;event || WP;((),(),()) || P; || R;;;("Maintenance","---","---") ;True ;((binary-value,22),present-value) || WP;%(A.BACnet.Y110_4.AlMInt.EventInhibit) || WP;0 || WP;FALSE || WP;%(A.BACnet.Y110_4.AlMint.PCDInRef) ;;FALSE 
[BI 15];PD_T021_PCH_EH_VAN32_A04;%(CH.Y110_4.FSoft1.Ala) ;FORCAGE SOFTWARE VANNE REGULATION ECHANGEUR 3 ;n.a. ;(0,0,0,0) ;0 ;no-fault-detected ;%(A.BACnet.Y110_4ForcSoft1.Alarm.OutOfService) || W;%(CH.Y110_4.FSoft1.NoNc) || WP; || WP; || WP;((?,?-?-?),(?:?:?.?)) || P;0 || WP;((?,?-?-?),(?:?:?.?)) || P;0 || WP;((?,?-?-?),(?:?:?.?)) || P;0 || WP;401 || WP;1 || WP;(1,1,1) || WP;(1,1,1) ;event || WP;((),(),()) || P; || R;;;("Maintenance","---","---") ;True ;((binary-value,22),present-value) || WP;%(A.BACnet.Y110_4ForcSoft1.Alarm.EventInhibit) || WP;0 || WP;FALSE || WP;%(A.BACnet.Y110_4ForcSoft1.Alarm.PCDInRef) ;;FALSE 
[BI 18];PD_T021_PCH_EH_VAN20_A03;%(CH.Y110_6.Van.ManAla) ;SORTIE ANALOGIQUE EN MANUEL VANNE REGULATION DEPART CAD ;;(0,0,0,0) ;0 ;no-fault-detected ;%(A.BACnet.Y110_6.AlMint.OutOfService) || W;%(CH.Y110_6.Van.ManNoNc) ;Off || WP;On || WP;((?,?-?-?),(?:?:?.?)) || P;0 || WP;((?,?-?-?),(?:?:?.?)) || P;0 || WP;((?,?-?-?),(?:?:?.?)) || P;0 || WP;401 || WP;1 || WP;(1,1,1) || WP;(1,1,1) ;event || WP;((),(),()) || P; || R;;;("Maintenance","---","---") ;True ;((binary-value,22),present-value) || WP;%(A.BACnet.Y110_6.AlMInt.EventInhibit) || WP;0 || WP;FALSE || WP;%(A.BACnet.Y110_6.AlMint.PCDInRef) ;;FALSE 
[BI 17];PD_T021_PCH_EH_VAN20_A04;%(CH.Y110_6.FSoft1.Ala) ;FORCAGE SOFTWARE VANNE REGULATION DEPART CAD ;n.a. ;(0,0,0,0) ;0 ;no-fault-detected ;%(A.BACnet.Y110_6ForcSoft1.Alarm.OutOfService) || W;%(CH.Y110_6.FSoft1.NoNc) || WP; || WP; || WP;((?,?-?-?),(?:?:?.?)) || P;0 || WP;((?,?-?-?),(?:?:?.?)) || P;0 || WP;((?,?-?-?),(?:?:?.?)) || P;0 || WP;401 || WP;1 || WP;(1,1,1) || WP;(1,1,1) ;event || WP;((),(),()) || P; || R;;;("Maintenance","---","---") ;True ;((binary-value,22),present-value) || WP;%(A.BACnet.Y110_6ForcSoft1.Alarm.EventInhibit) || WP;0 || WP;FALSE || WP;%(A.BACnet.Y110_6ForcSoft1.Alarm.PCDInRef) ;;FALSE 
