1873;BACnet;NC;BACnet_NC_10
1872;BACnet;NC;BACnet_NC_20
1871;BACnet;NC;BACnet_NC_30
1870;BACnet;NC;BACnet_NC_40
166130;BACnet;NC;BACnet_NC_50
20;Init;Library;PCD_Interne_Surveillance
166462;SetPoint;Integer;ConsEnBT
166466;SetPoint;Integer;ConsPulsMinBT
166463;SetPoint;Integer;ConsHorsBT
166469;SetPoint;Integer;ConsAmbBT
166464;SetPoint;Integer;ConsEnASC
166468;SetPoint;Integer;ConsPulsMinASC
166543;SetPoint;Integer;ConsEnGV
166470;SetPoint;Integer;ConsAmbASC
166544;SetPoint;Integer;ConsHorsGV
166471;SetPoint;Integer;ConsLibMF
166465;SetPoint;Integer;ConsHorsASC
166467;SetPoint;Integer;ConsANMin
166498;System;Switch2sp;MB1_Demande
166460;Alarm;Motor1sp;M210_1Ala
166461;Alarm;Motor1sp;M250_1Ala
