OBJECT;object-name;present-value;description;device-type;status-flags;event-state;reliability;out-of-service;polarity;inactive-text;active-text;change-of-state-time;change-of-state-count;time-of-state-count-reset;elapsed-active-time;time-of-active-time-reset;minimum-off-time;minimum-on-time;priority-array;priority-array-01;priority-array-02;priority-array-03;priority-array-04;priority-array-05;priority-array-06;priority-array-07;priority-array-08;priority-array-09;priority-array-10;priority-array-11;priority-array-12;priority-array-13;priority-array-14;priority-array-15;priority-array-16;relinquish-default;time-delay;notification-class;feedback-value;event-enable;acked-transitions;notify-type;event-time-stamps;profile-name;event_message_text;event-message-texts;event-message-texts-config;event-detection-enable;event-algorithm-inhibit-ref;event-algorithm-inhibit;time-delay-normal;reliability-evaluation-inhibit;pcd_alarm_status;pcd_highest_active_priority;unsolicited_cov_enabled
[BO 4];PD_T021_PCH_EH_PPE20_C01;%(CH.M30_2.Mot.Required) || W;M30.2 commande ;n.a. || WP;%(A.BACnet.M30_2.Output.StatusFlags) ;0 ;no-fault-detected ;FALSE || W;normal ;Aus || WP;Ein || WP;((?,?-?-?),(?:?:?.?)) || P;0 || WP;((?,?-?-?),(?:?:?.?)) || P;0 || WP;((?,?-?-?),(?:?:?.?)) || P;0 || WP;0 || WP;() || P;;;;;%(A.BACnet.M30_2.Prio01Value),%(A.BACnet.M30_2.Prio01Flag) ;;;%(A.BACnet.M30_2.Prio08Value),%(A.BACnet.M30_2.Prio08Flag) ;;;;;;;;%(CH.M30_2.Mot.Demand),%(A.BACnet.M30_2.Prio16Flag) ;inactive || WP;;;;;;;;n.a. || R;;;;;;;;;;;FALSE 
[BO 5];PD_T021_PCH_EH_PPE21_C01;%(CH.M40_2.Mot.Required) || W;M40.2 commande ;n.a. || WP;%(A.BACnet.M40_2.Output.StatusFlags) ;0 ;no-fault-detected ;FALSE || W;normal ;Aus || WP;Ein || WP;((?,?-?-?),(?:?:?.?)) || P;0 || WP;((?,?-?-?),(?:?:?.?)) || P;0 || WP;((?,?-?-?),(?:?:?.?)) || P;0 || WP;0 || WP;() || P;;;;;%(A.BACnet.M40_2.Prio01Value),%(A.BACnet.M40_2.Prio01Flag) ;;;%(A.BACnet.M40_2.Prio08Value),%(A.BACnet.M40_2.Prio08Flag) ;;;;;;;;%(CH.M40_2.Mot.Demand),%(A.BACnet.M40_2.Prio16Flag) ;inactive || WP;;;;;;;;n.a. || R;;;;;;;;;;;FALSE 
[BO 0];PD_T021_PCH_EH_VAT30_C01;%(CH.Y100_1.Van.Requested) || W;Y100.1 commande ;n.a. || WP;%(A.BACnet.Y100_1.Output.StatusFlags) ;0 ;no-fault-detected ;FALSE || W;normal ;Closed || WP;Open || WP;((?,?-?-?),(?:?:?.?)) || P;0 || WP;((?,?-?-?),(?:?:?.?)) || P;0 || WP;((?,?-?-?),(?:?:?.?)) || P;0 || WP;0 || WP;() || P;;;;;%(CH.Y100_1.Van.BetriebZwang),%(A.BACnet.Y100_1.Prio01Flag) ;;;%(A.BACnet.Y100_1.Prio08Value),%(A.BACnet.Y100_1.Prio08Flag) ;;;;;;;;%(CH.Y100_1.Van.Demand),%(A.BACnet.Y100_1.Prio16Flag) ;inactive || WP;;;;;;;;n.a. || R;;;;;;;;;;;FALSE 
[BO 1];PD_T021_PCH_EH_VAT31_C01;%(CH.Y100_4.Van.Requested) || W;Y100.4 commande ;n.a. || WP;%(A.BACnet.Y100_4.Output.StatusFlags) ;0 ;no-fault-detected ;FALSE || W;normal ;Closed || WP;Open || WP;((?,?-?-?),(?:?:?.?)) || P;0 || WP;((?,?-?-?),(?:?:?.?)) || P;0 || WP;((?,?-?-?),(?:?:?.?)) || P;0 || WP;0 || WP;() || P;;;;;%(CH.Y100_4.Van.BetriebZwang),%(A.BACnet.Y100_4.Prio01Flag) ;;;%(A.BACnet.Y100_4.Prio08Value),%(A.BACnet.Y100_4.Prio08Flag) ;;;;;;;;%(CH.Y100_4.Van.Demand),%(A.BACnet.Y100_4.Prio16Flag) ;inactive || WP;;;;;;;;n.a. || R;;;;;;;;;;;FALSE 
[BO 2];PD_T021_PCH_EH_VAT32_C01;%(CH.Y100_7.Van.Requested) || W;Y100.7 commande ;n.a. || WP;%(A.BACnet.Y100_7.Output.StatusFlags) ;0 ;no-fault-detected ;FALSE || W;normal ;Closed || WP;Open || WP;((?,?-?-?),(?:?:?.?)) || P;0 || WP;((?,?-?-?),(?:?:?.?)) || P;0 || WP;((?,?-?-?),(?:?:?.?)) || P;0 || WP;0 || WP;() || P;;;;;%(CH.Y100_7.Van.BetriebZwang),%(A.BACnet.Y100_7.Prio01Flag) ;;;%(A.BACnet.Y100_7.Prio08Value),%(A.BACnet.Y100_7.Prio08Flag) ;;;;;;;;%(CH.Y100_7.Van.Demand),%(A.BACnet.Y100_7.Prio16Flag) ;inactive || WP;;;;;;;;n.a. || R;;;;;;;;;;;FALSE 
[BO 3];PD_T021_PCH_EH_VAT33_C01;%(CH.Y101_1.Van.Requested) || W;Y101.1 commande ;n.a. || WP;%(A.BACnet.Y101_1.Output.StatusFlags) ;0 ;no-fault-detected ;FALSE || W;normal ;Closed || WP;Open || WP;((?,?-?-?),(?:?:?.?)) || P;0 || WP;((?,?-?-?),(?:?:?.?)) || P;0 || WP;((?,?-?-?),(?:?:?.?)) || P;0 || WP;0 || WP;() || P;;;;;%(CH.Y101_1.Van.BetriebZwang),%(A.BACnet.Y101_1.Prio01Flag) ;;;%(A.BACnet.Y101_1.Prio08Value),%(A.BACnet.Y101_1.Prio08Flag) ;;;;;;;;%(CH.Y101_1.Van.Demand),%(A.BACnet.Y101_1.Prio16Flag) ;inactive || WP;;;;;;;;n.a. || R;;;;;;;;;;;FALSE 
