﻿#Engineering-Data-Exchange;;;;;;;;;;;;;;;;;;;
PROJECT_NAME;Tunnel_Bruyeres\BACnet.bnt;;;;;;;;;;;;;;;;;;
VERSION_OF_REFERENCEFILE;1;;;;;;;;;;;;;;;;;;
TIMESTAMP_OF_LAST_CHANGE;20.06.2022 11:59:26;;;;;;;;;;;;;;;;;;
AUTHOR_OF_LAST_CHANGE;SAIA-BACnetConfigurator Rel.2.3.192.566;;;;;;;;;;;;;;;;;;
VERSION_OF_LAYOUT;1;;;;;;;;;;;;;;;;;;
#mandatory;mandatory;mandatory;mandatory;mandatory;optional;optional;optional;optional;optional;optional;optional;optional;optional;optional;optional;optional;optional;optional;optional
# keyname;device-object-instance;object-name;object-type;object-instance;description;present-value-default;min-present-value;max-present-value;commandable;supports COV;hi-limit;low-limit;state-text-reference;unit-code;vendor-specific-address;commandable;schedule-type;schedule-state-text-reference;schedule-unit-code
NT System;10142;NT System;8;10142;SAIA PCD;;;;N;;;;;;;;;;
NT System.ARI_BRU_BACstack;10142;ARI_BRU_BACstack;0;0;BACstack Monitoring;;0;1000;N;;;;;95;;;;;
NT System.ARI_BRU_;10142;ARI_BRU_;5;1;Event inhibit;;;;N;;;;3;;;;;;
NT System.ARI_BRU_NC10;10142;ARI_BRU_NC10;15;10;Danger de vie;;;;N;;;;;;;;;;
NT System.ARI_BRU_NC20;10142;ARI_BRU_NC20;15;20;Urgent;;;;N;;;;;;;;;;
NT System.ARI_BRU_NC30;10142;ARI_BRU_NC30;15;30;Non-urgent;;;;N;;;;;;;;;;
NT System.ARI_BRU_NC40;10142;ARI_BRU_NC40;15;40;Avertissement;;;;N;;;;;;;;;;
NT System.ARI_BRU_NC50;10142;ARI_BRU_NC50;15;50;Avertissement;;;;N;;;;;;;;;;
NT System.ARI_BRU_GEN01_A01;10142;ARI_BRU_GEN01_A01;5;0;PLC BATTERIE FAIBLE;;;;N;;;;4;;;;;;
NT System.ARI_BRU_SUT01_A01;10142;ARI_BRU_SUT01_A01;3;0;DEFAUT SURVEILLANCE DE TENSION TABLEAU;;;;N;;;;5;;;;;;
NT System.ARI_BRU_VEN-B100_2:M0;10142;ARI_BRU_VEN-B100_2:M0;0;1;Température;;;;N;;;;;62;;;;;
NT System.ARI_BRU_VEN-B100_3:M0;10142;ARI_BRU_VEN-B100_3:M0;0;2;Température;;;;N;;;;;62;;;;;
NT System.ARI_BRU_VEN-B100_5:M0;10142;ARI_BRU_VEN-B100_5:M0;0;3;Température;;;;N;;;;;62;;;;;
NT System.ARI_BRU_VEN-B100_6:M0;10142;ARI_BRU_VEN-B100_6:M0;0;4;Température;;;;N;;;;;62;;;;;
