﻿# Unit Texts Reference;
3;amperes
167;amperes-per-meter
168;amperes-per-square-meter
169;ampere-square-meters
55;bars
222;becquerels
20;btus
50;btus-per-hour
117;btus-per-pound
24;btus-per-pound-dry-air
179;candelas
180;candelas-per-square-meter
118;centimeters
60;centimeters-of-mercury
57;centimeters-of-water
79;cubic-feet
191;cubic-feet-per-hour
84;cubic-feet-per-minute
142;cubic-feet-per-second
80;cubic-meters
135;cubic-meters-per-hour
165;cubic-meters-per-minute
85;cubic-meters-per-second
105;currency1
114;currency10
106;currency2
107;currency3
108;currency4
109;currency5
110;currency6
111;currency7
112;currency8
113;currency9
25;cycles-per-hour
26;cycles-per-minute
70;days
199;decibels
232;decibels-a
200;decibels-millivolt
201;decibels-volt
65;degree-days-Celsius
66;degree-days-Fahrenheit
90;degrees-angular
62;degrees-Celsius
91;degrees-Celsius-per-hour
92;degrees-Celsius-per-minute
64;degrees-Fahrenheit
93;degrees-Fahrenheit-per-hour
94;degrees-Fahrenheit-per-minute
63;degrees-Kelvin
181;degrees-Kelvin-per-hour
182;degrees-Kelvin-per-minute
14;degrees-phase
120;delta-degrees-Fahrenheit
121;delta-degrees-Kelvin
170;farads
33;feet
77;feet-per-minute
76;feet-per-second
38;foot-candles
195;grams
28;grams-of-water-per-kilogram-dry-air
221;grams-per-cubic-centimeter
217;grams-per-cubic-meter
208;grams-per-gram
210;grams-per-kilogram
214;grams-per-liter
213;grams-per-milliliter
155;grams-per-minute
154;grams-per-second
235;grams-per-square-meter
225;gray
133;hectopascals
171;henrys
27;hertz
51;horsepower
71;hours
158;hundredths-seconds
81;imperial-gallons
86;imperial-gallons-per-minute
32;inches
61;inches-of-mercury
58;inches-of-water
16;joules
183;joule-seconds
127;joules-per-degree-Kelvin
128;joules-per-kilogram-degree-Kelvin
23;joules-per-kilogram-dry-air
223;kilobecquerels
147;kilo-btus
157;kilo-btus-per-hour
39;kilograms
186;kilograms-per-cubic-meter
44;kilograms-per-hour
209;kilograms-per-kilogram
43;kilograms-per-minute
42;kilograms-per-second
129;kilohertz
122;kilohms
17;kilojoules
151;kilojoules-per-degree-Kelvin
125;kilojoules-per-kilogram
149;kilojoules-per-kilogram-dry-air
193;kilometers
75;kilometers-per-hour
54;kilopascals
9;kilovolt-amperes
12;kilovolt-amperes-reactive
6;kilovolts
19;kilowatt-hours
138;kilowatt-hours-per-square-foot
137;kilowatt-hours-per-square-meter
204;kilowatt-hours-reactive
48;kilowatts
82;liters
136;liters-per-hour
88;liters-per-minute
87;liters-per-second
36;lumens
37;luxes
224;megabecquerels
148;mega-btus
130;megahertz
126;megajoules
152;megajoules-per-degree-Kelvin
150;megajoules-per-kilogram-dry-air
140;megajoules-per-square-foot
139;megajoules-per-square-meter
10;megavolt-amperes
13;megavolt-amperes-reactive
7;megavolts
146;megawatt-hours
205;megawatt-hours-reactive
49;megawatts
123;megohms
31;meters
164;meters-per-hour
163;meters-per-minute
74;meters-per-second
166;meters-per-second-per-second
219;micrograms-per-cubic-meter
216;micrograms-per-liter
227;microgray
194;micrometers
190;micro-siemens
230;microsieverts
231;microsieverts-per-hour
78;miles-per-hour
2;milliamperes
134;millibars
196;milligrams
218;milligrams-per-cubic-meter
211;milligrams-per-gram
212;milligrams-per-kilogram
215;milligrams-per-liter
226;milligray
197;milliliters
198;milliliters-per-second
30;millimeters
59;millimeters-of-mercury
206;millimeters-of-water
162;millimeters-per-minute
161;millimeters-per-second
145;milliohms
159;milliseconds
202;millisiemens
229;millisieverts
124;millivolts
132;milliwatts
72;minutes
236;minutes-per-degree-kelvin
68;months
220;nanograms-per-cubic-meter
233;nephelometric-turbidity-unit
153;newton
160;newton-meters
187;newton-seconds
188;newtons-per-meter
95;no-units
172;ohm-meters
4;ohms
97;parts-per-billion
96;parts-per-million
53;pascals
98;percent
143;percent-obscuration-per-foot
144;percent-obscuration-per-meter
99;percent-per-second
29;percent-relative-humidity
131;per-hour
207;per-mille
100;per-minute
101;per-second
234;pH
56;pounds-force-per-square-inch
40;pounds-mass
46;pounds-mass-per-hour
45;pounds-mass-per-minute
119;pounds-mass-per-second
15;power-factor
102;psi-per-degree-Fahrenheit
103;radians
184;radians-per-second
104;revolutions-per-minute
73;seconds
173;siemens
174;siemens-per-meter
228;sieverts
116;square-centimeters
1;square-feet
115;square-inches
0;square-meters
185;square-meters-per-Newton
175;teslas
21;therms
22;ton-hours
41;tons
156;tons-per-hour
52;tons-refrigeration
83;us-gallons
192;us-gallons-per-hour
89;us-gallons-per-minute
8;volt-amperes
11;volt-amperes-reactive
5;volts
176;volts-per-degree-Kelvin
177;volts-per-meter
18;watt-hours
203;watt-hours-reactive
47;watts
189;watts-per-meter-per-degree-Kelvin
34;watts-per-square-foot
35;watts-per-square-meter
141;watts-per-square-meter-degree-kelvin
178;webers
69;weeks
67;years
