DEC_SYMB;.
LANG_SYMB;EN
A.Alarm.Alarmliste.MyName_300;-
A.Alarm.Alarmliste.MyName_299;-
A.Alarm.Alarmliste.MyName_298;-
A.Alarm.Alarmliste.MyName_297;-
A.Alarm.Alarmliste.MyName_296;-
A.Alarm.Alarmliste.MyName_295;-
A.Alarm.Alarmliste.MyName_294;-
A.Alarm.Alarmliste.MyName_293;-
A.Alarm.Alarmliste.MyName_292;-
A.Alarm.Alarmliste.MyName_291;-
A.Alarm.Alarmliste.MyName_290;-
A.Alarm.Alarmliste.MyName_289;-
A.Alarm.Alarmliste.MyName_288;-
A.Alarm.Alarmliste.MyName_287;-
A.Alarm.Alarmliste.MyName_286;-
A.Alarm.Alarmliste.MyName_285;-
A.Alarm.Alarmliste.MyName_284;-
A.Alarm.Alarmliste.MyName_283;-
A.Alarm.Alarmliste.MyName_282;-
A.Alarm.Alarmliste.MyName_281;-
A.Alarm.Alarmliste.MyName_280;-
A.Alarm.Alarmliste.MyName_279;-
A.Alarm.Alarmliste.MyName_278;-
A.Alarm.Alarmliste.MyName_277;-
A.Alarm.Alarmliste.MyName_276;-
A.Alarm.Alarmliste.MyName_275;-
A.Alarm.Alarmliste.MyName_274;-
A.Alarm.Alarmliste.MyName_273;-
A.Alarm.Alarmliste.MyName_272;-
A.Alarm.Alarmliste.MyName_271;-
A.Alarm.Alarmliste.MyName_270;-
A.Alarm.Alarmliste.MyName_269;-
A.Alarm.Alarmliste.MyName_268;-
A.Alarm.Alarmliste.MyName_267;-
A.Alarm.Alarmliste.MyName_266;-
A.Alarm.Alarmliste.MyName_265;-
A.Alarm.Alarmliste.MyName_264;-
A.Alarm.Alarmliste.MyName_263;-
A.Alarm.Alarmliste.MyName_262;-
A.Alarm.Alarmliste.MyName_261;-
A.Alarm.Alarmliste.MyName_260;-
A.Alarm.Alarmliste.MyName_259;-
A.Alarm.Alarmliste.MyName_258;-
A.Alarm.Alarmliste.MyName_257;-
A.Alarm.Alarmliste.MyName_256;-
A.Alarm.Alarmliste.MyName_255;-
A.Alarm.Alarmliste.MyName_254;-
A.Alarm.Alarmliste.MyName_253;-
A.Alarm.Alarmliste.MyName_252;-
A.Alarm.Alarmliste.MyName_251;-
A.Alarm.Alarmliste.MyName_250;-
A.Alarm.Alarmliste.MyName_249;-
A.Alarm.Alarmliste.MyName_248;-
A.Alarm.Alarmliste.MyName_247;-
A.Alarm.Alarmliste.MyName_246;-
A.Alarm.Alarmliste.MyName_245;-
A.Alarm.Alarmliste.MyName_244;-
A.Alarm.Alarmliste.MyName_243;-
A.Alarm.Alarmliste.MyName_242;-
A.Alarm.Alarmliste.MyName_241;-
A.Alarm.Alarmliste.MyName_240;-
A.Alarm.Alarmliste.MyName_239;-
A.Alarm.Alarmliste.MyName_238;-
A.Alarm.Alarmliste.MyName_237;-
A.Alarm.Alarmliste.MyName_236;-
A.Alarm.Alarmliste.MyName_235;-
A.Alarm.Alarmliste.MyName_234;-
A.Alarm.Alarmliste.MyName_233;-
A.Alarm.Alarmliste.MyName_232;-
A.Alarm.Alarmliste.MyName_231;-
A.Alarm.Alarmliste.MyName_230;-
A.Alarm.Alarmliste.MyName_229;-
A.Alarm.Alarmliste.MyName_228;-
A.Alarm.Alarmliste.MyName_227;-
A.Alarm.Alarmliste.MyName_226;-
A.Alarm.Alarmliste.MyName_225;-
A.Alarm.Alarmliste.MyName_224;-
A.Alarm.Alarmliste.MyName_223;-
A.Alarm.Alarmliste.MyName_222;-
A.Alarm.Alarmliste.MyName_221;-
A.Alarm.Alarmliste.MyName_220;-
A.Alarm.Alarmliste.MyName_219;-
A.Alarm.Alarmliste.MyName_218;-
A.Alarm.Alarmliste.MyName_217;-
A.Alarm.Alarmliste.MyName_216;-
A.Alarm.Alarmliste.MyName_215;-
A.Alarm.Alarmliste.MyName_214;-
A.Alarm.Alarmliste.MyName_213;-
A.Alarm.Alarmliste.MyName_212;-
A.Alarm.Alarmliste.MyName_211;-
A.Alarm.Alarmliste.MyName_210;-
A.Alarm.Alarmliste.MyName_209;-
A.Alarm.Alarmliste.MyName_208;-
A.Alarm.Alarmliste.MyName_207;-
A.Alarm.Alarmliste.MyName_206;-
A.Alarm.Alarmliste.MyName_205;-
A.Alarm.Alarmliste.MyName_204;-
A.Alarm.Alarmliste.MyName_203;-
A.Alarm.Alarmliste.MyName_202;-
A.Alarm.Alarmliste.MyName_201;-
A.Alarm.Alarmliste.MyName_200;-
A.Alarm.Alarmliste.MyName_199;-
A.Alarm.Alarmliste.MyName_198;-
A.Alarm.Alarmliste.MyName_197;-
A.Alarm.Alarmliste.MyName_196;-
A.Alarm.Alarmliste.MyName_195;-
A.Alarm.Alarmliste.MyName_194;-
A.Alarm.Alarmliste.MyName_193;-
A.Alarm.Alarmliste.MyName_192;-
A.Alarm.Alarmliste.MyName_191;-
A.Alarm.Alarmliste.MyName_190;-
A.Alarm.Alarmliste.MyName_189;-
A.Alarm.Alarmliste.MyName_188;-
A.Alarm.Alarmliste.MyName_187;-
A.Alarm.Alarmliste.MyName_186;-
A.Alarm.Alarmliste.MyName_185;-
A.Alarm.Alarmliste.MyName_184;-
A.Alarm.Alarmliste.MyName_183;-
A.Alarm.Alarmliste.MyName_182;-
A.Alarm.Alarmliste.MyName_181;-
A.Alarm.Alarmliste.MyName_180;-
A.Alarm.Alarmliste.MyName_179;-
A.Alarm.Alarmliste.MyName_178;-
A.Alarm.Alarmliste.MyName_177;-
A.Alarm.Alarmliste.MyName_176;-
A.Alarm.Alarmliste.MyName_175;-
A.Alarm.Alarmliste.MyName_174;-
A.Alarm.Alarmliste.MyName_173;-
A.Alarm.Alarmliste.MyName_172;-
A.Alarm.Alarmliste.MyName_171;-
A.Alarm.Alarmliste.MyName_170;-
A.Alarm.Alarmliste.MyName_169;-
A.Alarm.Alarmliste.MyName_168;-
A.Alarm.Alarmliste.MyName_167;-
A.Alarm.Alarmliste.MyName_166;-
A.Alarm.Alarmliste.MyName_165;-
A.Alarm.Alarmliste.MyName_164;-
A.Alarm.Alarmliste.MyName_163;-
A.Alarm.Alarmliste.MyName_162;-
A.Alarm.Alarmliste.MyName_161;-
A.Alarm.Alarmliste.MyName_160;-
A.Alarm.Alarmliste.MyName_159;-
A.Alarm.Alarmliste.MyName_158;-
A.Alarm.Alarmliste.MyName_157;-
A.Alarm.Alarmliste.MyName_156;-
A.Alarm.Alarmliste.MyName_155;-
A.Alarm.Alarmliste.MyName_154;-
A.Alarm.Alarmliste.MyName_153;-
A.Alarm.Alarmliste.MyName_152;-
A.Alarm.Alarmliste.MyName_151;-
A.Alarm.Alarmliste.MyName_150;-
A.Alarm.Alarmliste.MyName_149;-
A.Alarm.Alarmliste.MyName_148;-
A.Alarm.Alarmliste.MyName_147;-
A.Alarm.Alarmliste.MyName_146;-
A.Alarm.Alarmliste.MyName_145;-
A.Alarm.Alarmliste.MyName_144;-
A.Alarm.Alarmliste.MyName_143;-
A.Alarm.Alarmliste.MyName_142;-
A.Alarm.Alarmliste.MyName_141;-
A.Alarm.Alarmliste.MyName_140;-
A.Alarm.Alarmliste.MyName_139;-
A.Alarm.Alarmliste.MyName_138;-
A.Alarm.Alarmliste.MyName_137;-
A.Alarm.Alarmliste.MyName_136;-
A.Alarm.Alarmliste.MyName_135;-
A.Alarm.Alarmliste.MyName_134;-
A.Alarm.Alarmliste.MyName_133;-
A.Alarm.Alarmliste.MyName_132;-
A.Alarm.Alarmliste.MyName_131;-
A.Alarm.Alarmliste.MyName_130;-
A.Alarm.Alarmliste.MyName_129;-
A.Alarm.Alarmliste.MyName_128;-
A.Alarm.Alarmliste.MyName_127;-
A.Alarm.Alarmliste.MyName_126;-
A.Alarm.Alarmliste.MyName_125;-
A.Alarm.Alarmliste.MyName_124;-
A.Alarm.Alarmliste.MyName_123;-
A.Alarm.Alarmliste.MyName_122;-
A.Alarm.Alarmliste.MyName_121;-
A.Alarm.Alarmliste.MyName_120;-
A.Alarm.Alarmliste.MyName_119;-
A.Alarm.Alarmliste.MyName_118;-
A.Alarm.Alarmliste.MyName_117;-
A.Alarm.Alarmliste.MyName_116;-
A.Alarm.Alarmliste.MyName_115;-
A.Alarm.Alarmliste.MyName_114;-
A.Alarm.Alarmliste.MyName_113;-
A.Alarm.Alarmliste.MyName_112;-
A.Alarm.Alarmliste.MyName_111;-
A.Alarm.Alarmliste.MyName_110;-
A.Alarm.Alarmliste.MyName_109;-
A.Alarm.Alarmliste.MyName_108;-
A.Alarm.Alarmliste.MyName_107;-
A.Alarm.Alarmliste.MyName_106;-
A.Alarm.Alarmliste.MyName_105;-
A.Alarm.Alarmliste.MyName_104;-
A.Alarm.Alarmliste.MyName_103;-
A.Alarm.Alarmliste.MyName_102;-
A.Alarm.Alarmliste.MyName_101;-
A.Alarm.Alarmliste.MyName_100;-
A.Alarm.Alarmliste.MyName_99;-
A.Alarm.Alarmliste.MyName_98;-
A.Alarm.Alarmliste.MyName_97;-
A.Alarm.Alarmliste.MyName_96;-
A.Alarm.Alarmliste.MyName_95;-
A.Alarm.Alarmliste.MyName_94;-
A.Alarm.Alarmliste.MyName_93;-
A.Alarm.Alarmliste.MyName_92;-
A.Alarm.Alarmliste.MyName_91;-
A.Alarm.Alarmliste.MyName_90;-
A.Alarm.Alarmliste.MyName_89;-
A.Alarm.Alarmliste.MyName_88;-
A.Alarm.Alarmliste.MyName_87;-
A.Alarm.Alarmliste.MyName_86;-
A.Alarm.Alarmliste.MyName_85;-
A.Alarm.Alarmliste.MyName_84;-
A.Alarm.Alarmliste.MyName_83;-
A.Alarm.Alarmliste.MyName_82;-
A.Alarm.Alarmliste.MyName_81;-
A.Alarm.Alarmliste.MyName_80;-
A.Alarm.Alarmliste.MyName_79;-
A.Alarm.Alarmliste.MyName_78;-
A.Alarm.Alarmliste.MyName_77;-
A.Alarm.Alarmliste.MyName_76;-
A.Alarm.Alarmliste.MyName_75;-
A.Alarm.Alarmliste.MyName_74;-
A.Alarm.Alarmliste.MyName_73;-
A.Alarm.Alarmliste.MyName_72;-
A.Alarm.Alarmliste.MyName_71;-
A.Alarm.Alarmliste.MyName_70;-
A.Alarm.Alarmliste.MyName_69;-
A.Alarm.Alarmliste.MyName_68;-
A.Alarm.Alarmliste.MyName_67;-
A.Alarm.Alarmliste.MyName_66;-
A.Alarm.Alarmliste.MyName_65;-
A.Alarm.Alarmliste.MyName_64;-
A.Alarm.Alarmliste.MyName_63;-
A.Alarm.Alarmliste.MyName_62;-
A.Alarm.Alarmliste.MyName_61;-
A.Alarm.Alarmliste.MyName_60;-
A.Alarm.Alarmliste.MyName_59;-
A.Alarm.Alarmliste.MyName_58;-
A.Alarm.Alarmliste.MyName_57;-
A.Alarm.Alarmliste.MyName_56;-
A.Alarm.Alarmliste.MyName_55;-
A.Alarm.Alarmliste.MyName_54;-
A.Alarm.Alarmliste.MyName_53;-
A.Alarm.Alarmliste.MyName_52;-
A.Alarm.Alarmliste.MyName_51;-
A.Alarm.Alarmliste.MyName_50;-
A.Alarm.Alarmliste.MyName_49;-
A.Alarm.Alarmliste.MyName_48;-
A.Alarm.Alarmliste.MyName_47;-
A.Alarm.Alarmliste.MyName_46;-
A.Alarm.Alarmliste.MyName_45;-
A.Alarm.Alarmliste.MyName_44;-
A.Alarm.Alarmliste.MyName_43;-
A.Alarm.Alarmliste.MyName_42;-
A.Alarm.Alarmliste.MyName_41;-
A.Alarm.Alarmliste.MyName_40;-
A.Alarm.Alarmliste.MyName_39;-
A.Alarm.Alarmliste.MyName_38;-
A.Alarm.Alarmliste.MyName_37;-
A.Alarm.Alarmliste.MyName_36;-
A.Alarm.Alarmliste.MyName_35;-
A.Alarm.Alarmliste.MyName_34;-
A.Alarm.Alarmliste.MyName_33;-
A.Alarm.Alarmliste.MyName_32;-
A.Alarm.Alarmliste.MyName_31;-
A.Alarm.Alarmliste.MyName_30;-
A.Alarm.Alarmliste.MyName_29;-
A.Alarm.Alarmliste.MyName_28;-
A.Alarm.Alarmliste.MyName_27;-
A.Alarm.Alarmliste.MyName_26;-
A.Alarm.Alarmliste.MyName_25;-
A.Alarm.Alarmliste.MyName_24;-
A.Alarm.Alarmliste.MyName_23;-
A.Alarm.Alarmliste.MyName_22;-
A.Alarm.Alarmliste.MyName_21;-
A.Alarm.Alarmliste.MyName_20;-
A.Alarm.Alarmliste.MyName_19;-
A.Alarm.Alarmliste.MyName_18;-
A.Alarm.Alarmliste.MyName_17;-
A.Alarm.Alarmliste.MyName_16;-
A.Alarm.Alarmliste.MyName_15;-
A.Alarm.Alarmliste.MyName_14;-
A.Alarm.Alarmliste.MyName_13;-
A.Alarm.Alarmliste.MyName_12;-
A.Alarm.Alarmliste.MyName_11;-
A.Alarm.Alarmliste.MyName_10;-
A.Alarm.Alarmliste.MyName_9;-
A.Alarm.Alarmliste.MyName_8;-
A.Alarm.Alarmliste.MyName_7;-
A.Alarm.Alarmliste.MyName_6;-
A.Alarm.Alarmliste.MyName_5;-
A.Alarm.Alarmliste.MyName_4;-
A.Alarm.Alarmliste.MyName_3;-
A.Alarm.Alarmliste.MyName_2;Allgemein Interner Fehler
A.Alarm.Alarmliste.MyName_1;Allgemein Batterie schwach
Sort Mode :;Sort Mode :
Filter Mode :;Filter Mode :
Not Sorted\nActive Time Sorted\n;Not Sorted\nActive Time Sorted\n
No Filter\nActive Alarms\nAlarms count\nActive or NAK Alarms\n;No Filter\nActive Alarms\nAlarms count\nActive or NAK Alarms\n
Delete Alarms List;Delete Alarms List
Delete Selected Alarms;Delete Selected Alarms
Select Mode :;Select Mode :
Ack Alarms List;Ack Alarms List
Multiple Select;Multiple Select
Single Select;Single Select
Ack Selected Alarms;Ack Selected Alarms
Pg Up;Pg Up
Pg Dn;Pg Dn
Total Entries :;Total Entries :
StateColor\tID\tAlarmtext\tTime On\tTime Off\tACK\tCounter;StateColor\tID\tAlarmtext\tTime On\tTime Off\tACK\tCounter
PM_AM;0

