OBJECT;object-name;present-value;description;device-type;status-flags;event-state;reliability;out-of-service;units;min-pres-value;max-pres-value;resolution;priority-array;priority-array-01;priority-array-02;priority-array-03;priority-array-04;priority-array-05;priority-array-06;priority-array-07;priority-array-08;priority-array-09;priority-array-10;priority-array-11;priority-array-12;priority-array-13;priority-array-14;priority-array-15;priority-array-16;relinquish-default;cov-increment;time-delay;notification-class;high-limit;low-limit;deadband;limit-enable;event-enable;acked-transitions;notify-type;event-time-stamps;profile-name;event_message_text;event-message-texts;event-message-texts-config;event-detection-enable;event-algorithm-inhibit-ref;event-algorithm-inhibit;time-delay-normal;reliability-evaluation-inhibit;pcd_alarm_status;pcd_highest_active_priority;unsolicited_cov_enabled
[AO 0];PD_T021_PCH_EH_VAN30_Y01;%(CH.Y110_1.Van.Signal) || WS(10.00);Y110.1 commande ;n.a. || WP;%(A.BACnet.Y110_1.Output.StatusFlags) ;0 ;no-fault-detected ;FALSE || W;percent || W;0.0 ;100.0 ;0.1 ;() || P;;;;;%(CH.Y110_1.Van.SignalOvr),%(A.BACnet.Y110_1.Prio01Flag) || S(10.00);;;%(CH.Y110_1.Van.SignalMan),%(CH.Y110_1.Van.Mode) || S(10.00);;;;;;;;%(CH.Y110_1.Van.Demand),%(A.BACnet.Y110_1.Prio16Flag) || S(10.00);0 || WP;0.5 || WP;;;;;;;;;;;n.a. || R;;;;;;;;;;;FALSE 
[AO 1];PD_T021_PCH_EH_VAN31_Y01;%(CH.Y110_3.Van.Signal) || WS(10.00);Y110.3 commande ;n.a. || WP;%(A.BACnet.Y110_3.Output.StatusFlags) ;0 ;no-fault-detected ;FALSE || W;percent || W;0.0 ;100.0 ;0.1 ;() || P;;;;;%(CH.Y110_3.Van.SignalOvr),%(A.BACnet.Y110_3.Prio01Flag) || S(10.00);;;%(CH.Y110_3.Van.SignalMan),%(CH.Y110_3.Van.Mode) || S(10.00);;;;;;;;%(CH.Y110_3.Van.Demand),%(A.BACnet.Y110_3.Prio16Flag) || S(10.00);0 || WP;0.5 || WP;;;;;;;;;;;n.a. || R;;;;;;;;;;;FALSE 
[AO 2];PD_T021_PCH_EH_VAN32_Y01;%(CH.Y110_4.Van.Signal) || WS(10.00);Y110.4 commande ;n.a. || WP;%(A.BACnet.Y110_4.Output.StatusFlags) ;0 ;no-fault-detected ;FALSE || W;percent || W;0.0 ;100.0 ;0.1 ;() || P;;;;;%(CH.Y110_4.Van.SignalOvr),%(A.BACnet.Y110_4.Prio01Flag) || S(10.00);;;%(CH.Y110_4.Van.SignalMan),%(CH.Y110_4.Van.Mode) || S(10.00);;;;;;;;%(CH.Y110_4.Van.Demand),%(A.BACnet.Y110_4.Prio16Flag) || S(10.00);0 || WP;0.5 || WP;;;;;;;;;;;n.a. || R;;;;;;;;;;;FALSE 
[AO 3];PD_T021_PCH_EH_VAN20_Y01;%(CH.Y110_6.Van.Signal) || WS(10.00);Y110.6 commande ;n.a. || WP;%(A.BACnet.Y110_6.Output.StatusFlags) ;0 ;no-fault-detected ;FALSE || W;percent || W;0.0 ;100.0 ;0.1 ;() || P;;;;;%(CH.Y110_6.Van.SignalOvr),%(A.BACnet.Y110_6.Prio01Flag) || S(10.00);;;%(CH.Y110_6.Van.SignalMan),%(CH.Y110_6.Van.Mode) || S(10.00);;;;;;;;%(CH.Y110_6.Van.Demand),%(A.BACnet.Y110_6.Prio16Flag) || S(10.00);0 || WP;0.5 || WP;;;;;;;;;;;n.a. || R;;;;;;;;;;;FALSE 
