OBJECT;object-name;present-value;description;status-flags;event-state;reliability;out-of-service;inactive-text;active-text;change-of-state-time;change-of-state-count;time-of-state-count-reset;elapsed-active-time;time-of-active-time-reset;minimum-off-time;minimum-on-time;priority-array;priority-array-01;priority-array-02;priority-array-03;priority-array-04;priority-array-05;priority-array-06;priority-array-07;priority-array-08;priority-array-09;priority-array-10;priority-array-11;priority-array-12;priority-array-13;priority-array-14;priority-array-15;priority-array-16;relinquish-default;time-delay;notification-class;alarm-value;event-enable;acked-transitions;notify-type;event-time-stamps;profile-name;event_message_text;event-message-texts;event-message-texts-config;event-detection-enable;event-algorithm-inhibit-ref;event-algorithm-inhibit;time-delay-normal;reliability-evaluation-inhibit;pcd_alarm_status;pcd_highest_active_priority;unsolicited_cov_enabled
[BV 22];PD_T021_PCH_EH_;%(BACnet.Device.AlmSupp) || W;Event inhibit ;(0,0,0,0) ;0 ;no-fault-detected ;FALSE || W;In-aktief ;Aktief ;((?,?-?-?),(?:?:?.?)) || P;0 || WP;((?,?-?-?),(?:?:?.?)) || P;0 || WP;((?,?-?-?),(?:?:?.?)) || P;;;;;;;;;;;;;;;;;;;;;;;;;;;;;;;;;;;;;;;FALSE 
[BV 0];PD_T021_PCH_EH_GEN01_A01;%(Init.Interne.Surveillance.SmBatterie) ;PLC BATTERIE FAIBLE ;(0,0,0,0) ;0 ;no-fault-detected || WP;%(A.BACnet.PCD_Interne_Surveillance.AlBattery.OutOfService) || W;Off || WP;On || WP;((?,?-?-?),(?:?:?.?)) || P;0 || WP;((?,?-?-?),(?:?:?.?)) || P;0 || WP;((?,?-?-?),(?:?:?.?)) || P;0 || WP;0 || WP;;;;;;;;;;;;;;;;;;;0 || WP;301 || WP;1 || WP;(1,0,1) || WP;(1,1,1) ;alarm || WP;((),(),()) || P; || R;;;("Message","---","Normal") ;True ;((binary-value,22),present-value) || WP;FALSE || WP;0 || WP;FALSE || WP;;;FALSE 
[BV 5];PD_T021_PCH_EH_GEN01_V50;%(CH.Cons.InterCAD.Output) || W;Interrupteur principal ;(0,0,0,0) ;0 ;no-fault-detected ;FALSE || W;Off ;On ;((?,?-?-?),(?:?:?.?)) || P;0 || WP;((?,?-?-?),(?:?:?.?)) || P;0 || WP;((?,?-?-?),(?:?:?.?)) || P;;;;;;;;;;;%(CH.Cons.InterCAD.Prio8Val),%(CH.Cons.InterCAD.Prio8En) ;;;;;;;;%(CH.Cons.InterCAD.Value),%(CH.Cons.InterCAD.Prio16En) ;0 || WP;;;;;;;;n.a. || R;;;;;;;;;;;FALSE 
[BV 18];PD_T021_PCH_EH_PPE20_A01;%(CH.M30_2.Ala.FbAla) ;DISCORDANCE CIRCULATEUR 1 CAD ;(0,0,0,0) ;0 ;no-fault-detected ;%(A.BACnet.M30_2Ala.AlFb.OutOfService) || W;Off || WP;On || WP;((?,?-?-?),(?:?:?.?)) || P;0 || WP;((?,?-?-?),(?:?:?.?)) || P;0 || WP;((?,?-?-?),(?:?:?.?)) || P;0 || WP;0 || WP;;;;;;;;;;;;;;;;;;;0 || WP;301 || WP;1 || WP;(1,0,1) || WP;(1,1,1) ;alarm || WP;((),(),()) || P; || R;;;("Message","---","Normal") ;True ;((binary-value,22),present-value) || WP;FALSE || WP;0 || WP;FALSE || WP;;;FALSE 
[BV 19];PD_T021_PCH_EH_PPE20_A02;%(CH.M30_2.Ala.PfbAla) ;PANNNE CIRCULATEUR 1 CAD ;(0,0,0,0) ;0 ;no-fault-detected ;%(A.BACnet.M30_2Ala.AlPFb.OutOfService) || W;Off || WP;On || WP;((?,?-?-?),(?:?:?.?)) || P;0 || WP;((?,?-?-?),(?:?:?.?)) || P;0 || WP;((?,?-?-?),(?:?:?.?)) || P;0 || WP;0 || WP;;;;;;;;;;;;;;;;;;;0 || WP;301 || WP;1 || WP;(1,0,1) || WP;(1,1,1) ;alarm || WP;((),(),()) || P; || R;;;("Message","---","Normal") ;True ;((binary-value,22),present-value) || WP;FALSE || WP;0 || WP;FALSE || WP;;;FALSE 
[BV 20];PD_T021_PCH_EH_PPE21_A01;%(CH.M40_2.Ala.FbAla) ;DISCORDANCE CIRCULATEUR 2 CAD ;(0,0,0,0) ;0 ;no-fault-detected ;%(A.BACnet.M40_2Ala.AlFb.OutOfService) || W;Off || WP;On || WP;((?,?-?-?),(?:?:?.?)) || P;0 || WP;((?,?-?-?),(?:?:?.?)) || P;0 || WP;((?,?-?-?),(?:?:?.?)) || P;0 || WP;0 || WP;;;;;;;;;;;;;;;;;;;0 || WP;301 || WP;1 || WP;(1,0,1) || WP;(1,1,1) ;alarm || WP;((),(),()) || P; || R;;;("Message","---","Normal") ;True ;((binary-value,22),present-value) || WP;FALSE || WP;0 || WP;FALSE || WP;;;FALSE 
[BV 21];PD_T021_PCH_EH_PPE21_A02;%(CH.M40_2.Ala.PfbAla) ;PANNE CIRCULATEUR 2 CAD ;(0,0,0,0) ;0 ;no-fault-detected ;%(A.BACnet.M40_2Ala.AlPFb.OutOfService) || W;Off || WP;On || WP;((?,?-?-?),(?:?:?.?)) || P;0 || WP;((?,?-?-?),(?:?:?.?)) || P;0 || WP;((?,?-?-?),(?:?:?.?)) || P;0 || WP;0 || WP;;;;;;;;;;;;;;;;;;;0 || WP;301 || WP;1 || WP;(1,0,1) || WP;(1,1,1) ;alarm || WP;((),(),()) || P; || R;;;("Message","---","Normal") ;True ;((binary-value,22),present-value) || WP;FALSE || WP;0 || WP;FALSE || WP;;;FALSE 
[BV 1];PD_T021_PCH_EH_VAT30_A01;%(CH.Y100_1.Van.FbOpenAla) ;DISCORDANCE VANNE ISOLEMENT ECHANGEUR 1 Open Missing ;(0,0,0,0) ;0 ;no-fault-detected ;%(A.BACnet.Y100_1.AlOpen.OutOfService) || W;Off || WP;On || WP;((?,?-?-?),(?:?:?.?)) || P;0 || WP;((?,?-?-?),(?:?:?.?)) || P;0 || WP;((?,?-?-?),(?:?:?.?)) || P;0 || WP;0 || WP;;;;;;;;;;;;;;;;;;;0 || WP;301 || WP;1 || WP;(1,0,1) || WP;(1,1,1) ;alarm || WP;((),(),()) || P; || R;;;("Message","---","Normal") ;True ;((binary-value,22),present-value) || WP;%(A.BACnet.Y100_1.AlOpen.EventInhibit) || WP;0 || WP;FALSE || WP;;;FALSE 
[BV 2];PD_T021_PCH_EH_VAT30_A02;%(CH.Y100_1.Van.FbCloseAla) ;DISCORDANCE VANNE ISOLEMENT ECHANGEUR 1 Close Missing ;(0,0,0,0) ;0 ;no-fault-detected ;%(A.BACnet.Y100_1.AlClose.OutOfService) || W;Off || WP;On || WP;((?,?-?-?),(?:?:?.?)) || P;0 || WP;((?,?-?-?),(?:?:?.?)) || P;0 || WP;((?,?-?-?),(?:?:?.?)) || P;0 || WP;0 || WP;;;;;;;;;;;;;;;;;;;0 || WP;301 || WP;1 || WP;(1,0,1) || WP;(1,1,1) ;alarm || WP;((),(),()) || P; || R;;;("Message","---","Normal") ;True ;((binary-value,22),present-value) || WP;%(A.BACnet.Y100_1.AlClose.EventInhibit) || WP;0 || WP;FALSE || WP;;;FALSE 
[BV 6];PD_T021_PCH_EH_VAT31_A01;%(CH.Y100_4.Van.FbOpenAla) ;DISCORDANCE VANNE ISOLEMENT ECHANGEUR 2 Open Missing ;(0,0,0,0) ;0 ;no-fault-detected ;%(A.BACnet.Y100_4.AlOpen.OutOfService) || W;Off || WP;On || WP;((?,?-?-?),(?:?:?.?)) || P;0 || WP;((?,?-?-?),(?:?:?.?)) || P;0 || WP;((?,?-?-?),(?:?:?.?)) || P;0 || WP;0 || WP;;;;;;;;;;;;;;;;;;;0 || WP;301 || WP;1 || WP;(1,0,1) || WP;(1,1,1) ;alarm || WP;((),(),()) || P; || R;;;("Message","---","Normal") ;True ;((binary-value,22),present-value) || WP;%(A.BACnet.Y100_4.AlOpen.EventInhibit) || WP;0 || WP;FALSE || WP;;;FALSE 
[BV 7];PD_T021_PCH_EH_VAT31_A02;%(CH.Y100_4.Van.FbCloseAla) ;DISCORDANCE VANNE ISOLEMENT ECHANGEUR 2 Close Missing ;(0,0,0,0) ;0 ;no-fault-detected ;%(A.BACnet.Y100_4.AlClose.OutOfService) || W;Off || WP;On || WP;((?,?-?-?),(?:?:?.?)) || P;0 || WP;((?,?-?-?),(?:?:?.?)) || P;0 || WP;((?,?-?-?),(?:?:?.?)) || P;0 || WP;0 || WP;;;;;;;;;;;;;;;;;;;0 || WP;301 || WP;1 || WP;(1,0,1) || WP;(1,1,1) ;alarm || WP;((),(),()) || P; || R;;;("Message","---","Normal") ;True ;((binary-value,22),present-value) || WP;%(A.BACnet.Y100_4.AlClose.EventInhibit) || WP;0 || WP;FALSE || WP;;;FALSE 
[BV 8];PD_T021_PCH_EH_VAT32_A01;%(CH.Y100_7.Van.FbOpenAla) ;DISCORDANCE VANNE ISOLEMENT ECHANGEUR 3 Open Missing ;(0,0,0,0) ;0 ;no-fault-detected ;%(A.BACnet.Y100_7.AlOpen.OutOfService) || W;Off || WP;On || WP;((?,?-?-?),(?:?:?.?)) || P;0 || WP;((?,?-?-?),(?:?:?.?)) || P;0 || WP;((?,?-?-?),(?:?:?.?)) || P;0 || WP;0 || WP;;;;;;;;;;;;;;;;;;;0 || WP;301 || WP;1 || WP;(1,0,1) || WP;(1,1,1) ;alarm || WP;((),(),()) || P; || R;;;("Message","---","Normal") ;True ;((binary-value,22),present-value) || WP;%(A.BACnet.Y100_7.AlOpen.EventInhibit) || WP;0 || WP;FALSE || WP;;;FALSE 
[BV 9];PD_T021_PCH_EH_VAT32_A02;%(CH.Y100_7.Van.FbCloseAla) ;DISCORDANCE VANNE ISOLEMENT ECHANGEUR 3 Close Missing ;(0,0,0,0) ;0 ;no-fault-detected ;%(A.BACnet.Y100_7.AlClose.OutOfService) || W;Off || WP;On || WP;((?,?-?-?),(?:?:?.?)) || P;0 || WP;((?,?-?-?),(?:?:?.?)) || P;0 || WP;((?,?-?-?),(?:?:?.?)) || P;0 || WP;0 || WP;;;;;;;;;;;;;;;;;;;0 || WP;301 || WP;1 || WP;(1,0,1) || WP;(1,1,1) ;alarm || WP;((),(),()) || P; || R;;;("Message","---","Normal") ;True ;((binary-value,22),present-value) || WP;%(A.BACnet.Y100_7.AlClose.EventInhibit) || WP;0 || WP;FALSE || WP;;;FALSE 
[BV 10];PD_T021_PCH_EH_VAT33_A01;%(CH.Y101_1.Van.FbOpenAla) ;DISCORDANCE VANNE ISOLEMENT ECHANGEUR POSTE DIRECTEUR Open Missing ;(0,0,0,0) ;0 ;no-fault-detected ;%(A.BACnet.Y101_1.AlOpen.OutOfService) || W;Off || WP;On || WP;((?,?-?-?),(?:?:?.?)) || P;0 || WP;((?,?-?-?),(?:?:?.?)) || P;0 || WP;((?,?-?-?),(?:?:?.?)) || P;0 || WP;0 || WP;;;;;;;;;;;;;;;;;;;0 || WP;301 || WP;1 || WP;(1,0,1) || WP;(1,1,1) ;alarm || WP;((),(),()) || P; || R;;;("Message","---","Normal") ;True ;((binary-value,22),present-value) || WP;%(A.BACnet.Y101_1.AlOpen.EventInhibit) || WP;0 || WP;FALSE || WP;;;FALSE 
[BV 11];PD_T021_PCH_EH_VAT33_A02;%(CH.Y101_1.Van.FbCloseAla) ;DISCORDANCE VANNE ISOLEMENT ECHANGEUR POSTE DIRECTEUR Close Missing ;(0,0,0,0) ;0 ;no-fault-detected ;%(A.BACnet.Y101_1.AlClose.OutOfService) || W;Off || WP;On || WP;((?,?-?-?),(?:?:?.?)) || P;0 || WP;((?,?-?-?),(?:?:?.?)) || P;0 || WP;((?,?-?-?),(?:?:?.?)) || P;0 || WP;0 || WP;;;;;;;;;;;;;;;;;;;0 || WP;301 || WP;1 || WP;(1,0,1) || WP;(1,1,1) ;alarm || WP;((),(),()) || P; || R;;;("Message","---","Normal") ;True ;((binary-value,22),present-value) || WP;%(A.BACnet.Y101_1.AlClose.EventInhibit) || WP;0 || WP;FALSE || WP;;;FALSE 
[BV 3];PD_T021_PCH_EH_VAN30_A01;%(CH.Y110_1.Van.FbHighAla) ;VANNE REGULATION ECHANGEUR 1 To High ;(0,0,0,0) ;0 ;no-fault-detected ;%(A.BACnet.Y110_1.AlHigh.OutOfService) || W;Off || WP;On || WP;((?,?-?-?),(?:?:?.?)) || P;0 || WP;((?,?-?-?),(?:?:?.?)) || P;0 || WP;((?,?-?-?),(?:?:?.?)) || P;0 || WP;0 || WP;;;;;;;;;;;;;;;;;;;0 || WP;301 || WP;1 || WP;(1,0,1) || WP;(1,1,1) ;alarm || WP;((),(),()) || P; || R;;;("Message","---","Normal") ;True ;((binary-value,22),present-value) || WP;%(A.BACnet.Y110_1.AlHigh.EventInhibit) || WP;0 || WP;FALSE || WP;;;FALSE 
[BV 4];PD_T021_PCH_EH_VAN30_A02;%(CH.Y110_1.Van.FbLowAla) ;VANNE REGULATION ECHANGEUR 1 To Low ;(0,0,0,0) ;0 ;no-fault-detected ;%(A.BACnet.Y110_1.AlLow.OutOfService) || W;Off || WP;On || WP;((?,?-?-?),(?:?:?.?)) || P;0 || WP;((?,?-?-?),(?:?:?.?)) || P;0 || WP;((?,?-?-?),(?:?:?.?)) || P;0 || WP;0 || WP;;;;;;;;;;;;;;;;;;;0 || WP;301 || WP;1 || WP;(1,0,1) || WP;(1,1,1) ;alarm || WP;((),(),()) || P; || R;;;("Message","---","Normal") ;True ;((binary-value,22),present-value) || WP;%(A.BACnet.Y110_1.AlLow.EventInhibit) || WP;0 || WP;FALSE || WP;;;FALSE 
[BV 12];PD_T021_PCH_EH_VAN31_A01;%(CH.Y110_3.Van.FbHighAla) ;VANNE REGULATION ECHANGEUR 2 To High ;(0,0,0,0) ;0 ;no-fault-detected ;%(A.BACnet.Y110_3.AlHigh.OutOfService) || W;Off || WP;On || WP;((?,?-?-?),(?:?:?.?)) || P;0 || WP;((?,?-?-?),(?:?:?.?)) || P;0 || WP;((?,?-?-?),(?:?:?.?)) || P;0 || WP;0 || WP;;;;;;;;;;;;;;;;;;;0 || WP;301 || WP;1 || WP;(1,0,1) || WP;(1,1,1) ;alarm || WP;((),(),()) || P; || R;;;("Message","---","Normal") ;True ;((binary-value,22),present-value) || WP;%(A.BACnet.Y110_3.AlHigh.EventInhibit) || WP;0 || WP;FALSE || WP;;;FALSE 
[BV 13];PD_T021_PCH_EH_VAN31_A02;%(CH.Y110_3.Van.FbLowAla) ;VANNE REGULATION ECHANGEUR 2 To Low ;(0,0,0,0) ;0 ;no-fault-detected ;%(A.BACnet.Y110_3.AlLow.OutOfService) || W;Off || WP;On || WP;((?,?-?-?),(?:?:?.?)) || P;0 || WP;((?,?-?-?),(?:?:?.?)) || P;0 || WP;((?,?-?-?),(?:?:?.?)) || P;0 || WP;0 || WP;;;;;;;;;;;;;;;;;;;0 || WP;301 || WP;1 || WP;(1,0,1) || WP;(1,1,1) ;alarm || WP;((),(),()) || P; || R;;;("Message","---","Normal") ;True ;((binary-value,22),present-value) || WP;%(A.BACnet.Y110_3.AlLow.EventInhibit) || WP;0 || WP;FALSE || WP;;;FALSE 
[BV 14];PD_T021_PCH_EH_VAN32_A01;%(CH.Y110_4.Van.FbHighAla) ;VANNE REGULATION ECHANGEUR 3 To High ;(0,0,0,0) ;0 ;no-fault-detected ;%(A.BACnet.Y110_4.AlHigh.OutOfService) || W;Off || WP;On || WP;((?,?-?-?),(?:?:?.?)) || P;0 || WP;((?,?-?-?),(?:?:?.?)) || P;0 || WP;((?,?-?-?),(?:?:?.?)) || P;0 || WP;0 || WP;;;;;;;;;;;;;;;;;;;0 || WP;301 || WP;1 || WP;(1,0,1) || WP;(1,1,1) ;alarm || WP;((),(),()) || P; || R;;;("Message","---","Normal") ;True ;((binary-value,22),present-value) || WP;%(A.BACnet.Y110_4.AlHigh.EventInhibit) || WP;0 || WP;FALSE || WP;;;FALSE 
[BV 15];PD_T021_PCH_EH_VAN32_A02;%(CH.Y110_4.Van.FbLowAla) ;VANNE REGULATION ECHANGEUR 3 To Low ;(0,0,0,0) ;0 ;no-fault-detected ;%(A.BACnet.Y110_4.AlLow.OutOfService) || W;Off || WP;On || WP;((?,?-?-?),(?:?:?.?)) || P;0 || WP;((?,?-?-?),(?:?:?.?)) || P;0 || WP;((?,?-?-?),(?:?:?.?)) || P;0 || WP;0 || WP;;;;;;;;;;;;;;;;;;;0 || WP;301 || WP;1 || WP;(1,0,1) || WP;(1,1,1) ;alarm || WP;((),(),()) || P; || R;;;("Message","---","Normal") ;True ;((binary-value,22),present-value) || WP;%(A.BACnet.Y110_4.AlLow.EventInhibit) || WP;0 || WP;FALSE || WP;;;FALSE 
[BV 16];PD_T021_PCH_EH_VAN20_A01;%(CH.Y110_6.Van.FbHighAla) ;VANNE REGULATION DEPART CAD To High ;(0,0,0,0) ;0 ;no-fault-detected ;%(A.BACnet.Y110_6.AlHigh.OutOfService) || W;Off || WP;On || WP;((?,?-?-?),(?:?:?.?)) || P;0 || WP;((?,?-?-?),(?:?:?.?)) || P;0 || WP;((?,?-?-?),(?:?:?.?)) || P;0 || WP;0 || WP;;;;;;;;;;;;;;;;;;;0 || WP;301 || WP;1 || WP;(1,0,1) || WP;(1,1,1) ;alarm || WP;((),(),()) || P; || R;;;("Message","---","Normal") ;True ;((binary-value,22),present-value) || WP;%(A.BACnet.Y110_6.AlHigh.EventInhibit) || WP;0 || WP;FALSE || WP;;;FALSE 
[BV 17];PD_T021_PCH_EH_VAN20_A02;%(CH.Y110_6.Van.FbLowAla) ;VANNE REGULATION DEPART CAD To Low ;(0,0,0,0) ;0 ;no-fault-detected ;%(A.BACnet.Y110_6.AlLow.OutOfService) || W;Off || WP;On || WP;((?,?-?-?),(?:?:?.?)) || P;0 || WP;((?,?-?-?),(?:?:?.?)) || P;0 || WP;((?,?-?-?),(?:?:?.?)) || P;0 || WP;0 || WP;;;;;;;;;;;;;;;;;;;0 || WP;301 || WP;1 || WP;(1,0,1) || WP;(1,1,1) ;alarm || WP;((),(),()) || P; || R;;;("Message","---","Normal") ;True ;((binary-value,22),present-value) || WP;%(A.BACnet.Y110_6.AlLow.EventInhibit) || WP;0 || WP;FALSE || WP;;;FALSE 
