OBJECT;object-name;description;notification-class;priority;ack-required;recipient-list;pcd-active-events-counter;pcd-unacked-events-counter;profile-name
[NC 100];PD_T021_PCH_EH_NC100;Danger de vie ;;(128,128,128) || WP;(1,0,1) || WP;(((1,1,1,1,1,1,1),0:0:0.0,23:59:59.99,[1] (1,0x00000000BAC0),0,1,(1,1,1))) || WP(512);;; || R
[NC 201];PD_T021_PCH_EH_NC201;Urgent ;;(128,128,128) || WP;(1,1,1) || WP;(((1,1,1,1,1,1,1),0:0:0.0,23:59:59.99,[1] (1,0x00000000BAC0),0,1,(1,1,1))) || WP(512);;; || R
[NC 301];PD_T021_PCH_EH_NC301;Non-urgent ;;(128,128,128) || WP;(1,1,1) || WP;(((1,1,1,1,1,1,1),0:0:0.0,23:59:59.99,[1] (1,0x00000000BAC0),0,1,(1,1,1))) || WP(512);;; || R
[NC 401];PD_T021_PCH_EH_NC401;Avertissement ;;(128,128,128) || WP;(1,0,0) || WP;(((1,1,1,1,1,1,1),0:0:0.0,23:59:59.99,[1] (1,0x00000000BAC0),0,1,(1,1,1))) || WP(512);;; || R
