1873;BACnet;NC;BACnet_NC_10
1872;BACnet;NC;BACnet_NC_20
1871;BACnet;NC;BACnet_NC_30
1870;BACnet;NC;BACnet_NC_40
166130;BACnet;NC;BACnet_NC_50
20;Init;Library;PCD_Interne_Surveillance
37;Alarm;Fuse;FuseGuard
166199;Analog;Sensor;B100_2
166204;Analog;Sensor;B100_3
166209;Analog;Sensor;B100_5
166215;Analog;Sensor;B100_6
166607;SetPoint;Integer;ConsEnLocExp
166610;SetPoint;Integer;ConsPulsMinLocExp
166606;SetPoint;Integer;ConsHorsLocExp
166611;SetPoint;Integer;ConsPulsMinGAT
166623;SetPoint;Integer;ConsEnGV
166645;SetPoint;Integer;ConsANMin
166624;SetPoint;Integer;ConsHorsGV
166657;SetPoint;Integer;ConsAmbLocExp
166635;System;Switch2sp;MB1_Demande
166671;System;Switch2sp;MB2_Demande
