﻿#Engineering-Data-Exchange;;;;;;;;;;;;;;;;;;;
PROJECT_NAME;Pomy_OUEST\BACnet.bnt;;;;;;;;;;;;;;;;;;
VERSION_OF_REFERENCEFILE;1;;;;;;;;;;;;;;;;;;
TIMESTAMP_OF_LAST_CHANGE;21.06.2022 16:51:52;;;;;;;;;;;;;;;;;;
AUTHOR_OF_LAST_CHANGE;SAIA-BACnetConfigurator Rel.2.3.192.566;;;;;;;;;;;;;;;;;;
VERSION_OF_LAYOUT;1;;;;;;;;;;;;;;;;;;
#mandatory;mandatory;mandatory;mandatory;mandatory;optional;optional;optional;optional;optional;optional;optional;optional;optional;optional;optional;optional;optional;optional;optional
# keyname;device-object-instance;object-name;object-type;object-instance;description;present-value-default;min-present-value;max-present-value;commandable;supports COV;hi-limit;low-limit;state-text-reference;unit-code;vendor-specific-address;commandable;schedule-type;schedule-state-text-reference;schedule-unit-code
NT System;10142;NT System;8;10142;SAIA PCD;;;;N;;;;;;;;;;
NT System.ARI_POMOU_BACstack;10142;ARI_POMOU_BACstack;0;0;BACstack Monitoring;;0;1000;N;;;;;95;;;;;
NT System.ARI_POMOU_;10142;ARI_POMOU_;5;1;Event inhibit;;;;N;;;;3;;;;;;
NT System.ARI_POMOU_NC10;10142;ARI_POMOU_NC10;15;10;Danger de vie;;;;N;;;;;;;;;;
NT System.ARI_POMOU_NC20;10142;ARI_POMOU_NC20;15;20;Urgent;;;;N;;;;;;;;;;
NT System.ARI_POMOU_NC30;10142;ARI_POMOU_NC30;15;30;Non-urgent;;;;N;;;;;;;;;;
NT System.ARI_POMOU_NC40;10142;ARI_POMOU_NC40;15;40;Avertissement;;;;N;;;;;;;;;;
NT System.ARI_POMOU_NC50;10142;ARI_POMOU_NC50;15;50;Avertissement;;;;N;;;;;;;;;;
NT System.ARI_POMOU_GEN01_A01;10142;ARI_POMOU_GEN01_A01;5;0;PLC BATTERIE FAIBLE;;;;N;;;;4;;;;;;
NT System.ARI_POMOU_SUT01_A01;10142;ARI_POMOU_SUT01_A01;3;0;DEFAUT SURVEILLANCE DE TENSION TABLEAU;;;;N;;;;5;;;;;;
NT System.ARI_POMOU_VENT-F460_1:D0;10142;ARI_POMOU_VENT-F460_1:D0;3;2;défaut groupe radiateurs 2;;;;N;;;;;;;;;;
NT System.ARI_POMOU_VENT-M110_1:D5;10142;ARI_POMOU_VENT-M110_1:D5;3;3;M110.1 panne;;;;N;;;;6;;;;;;
NT System.ARI_POMOU_VENT-M110_1:D3;10142;ARI_POMOU_VENT-M110_1:D3;5;2;M110.1 discordance;;;;N;;;;7;;;;;;
NT System.ARI_POMOU_VENT-M110_1:D6;10142;ARI_POMOU_VENT-M110_1:D6;3;4;M110.1 interrupteur de révision;;;;N;;;;8;;;;;;
NT System.ARI_POMOU_VENT-M110_1:D4;10142;ARI_POMOU_VENT-M110_1:D4;5;3;M110.1 discordance pressostat (priorité 3);;;;N;;;;9;;;;;;
NT System.ARI_POMOU_VENT-M110_1:D7;10142;ARI_POMOU_VENT-M110_1:D7;3;5;M110.1 DO en manuel (priorité 3);;;;N;;;;10;;;;;;
