﻿#Engineering-Data-Exchange;;;;;;;;;;;;;;;;;;;
PROJECT_NAME;TC_Chables\BACnet.bnt;;;;;;;;;;;;;;;;;;
VERSION_OF_REFERENCEFILE;1;;;;;;;;;;;;;;;;;;
TIMESTAMP_OF_LAST_CHANGE;21.06.2022 13:49:28;;;;;;;;;;;;;;;;;;
AUTHOR_OF_LAST_CHANGE;SAIA-BACnetConfigurator Rel.2.3.192.566;;;;;;;;;;;;;;;;;;
VERSION_OF_LAYOUT;1;;;;;;;;;;;;;;;;;;
#mandatory;mandatory;mandatory;mandatory;mandatory;optional;optional;optional;optional;optional;optional;optional;optional;optional;optional;optional;optional;optional;optional;optional
# keyname;device-object-instance;object-name;object-type;object-instance;description;present-value-default;min-present-value;max-present-value;commandable;supports COV;hi-limit;low-limit;state-text-reference;unit-code;vendor-specific-address;commandable;schedule-type;schedule-state-text-reference;schedule-unit-code
NT System;10142;NT System;8;10142;SAIA PCD;;;;N;;;;;;;;;;
NT System.ARI_CHA_BACstack;10142;ARI_CHA_BACstack;0;0;BACstack Monitoring;;0;1000;N;;;;;95;;;;;
NT System.ARI_CHA_;10142;ARI_CHA_;5;1;Event inhibit;;;;N;;;;3;;;;;;
NT System.ARI_CHA_NC10;10142;ARI_CHA_NC10;15;10;Danger de vie;;;;N;;;;;;;;;;
NT System.ARI_CHA_NC20;10142;ARI_CHA_NC20;15;20;Urgent;;;;N;;;;;;;;;;
NT System.ARI_CHA_NC30;10142;ARI_CHA_NC30;15;30;Non-urgent;;;;N;;;;;;;;;;
NT System.ARI_CHA_NC40;10142;ARI_CHA_NC40;15;40;Avertissement;;;;N;;;;;;;;;;
NT System.ARI_CHA_NC50;10142;ARI_CHA_NC50;15;50;Avertissement;;;;N;;;;;;;;;;
NT System.ARI_CHA_GEN01_A01;10142;ARI_CHA_GEN01_A01;5;0;PLC BATTERIE FAIBLE;;;;N;;;;4;;;;;;
NT System.ARI_CHA_VEN-B100_2:M0;10142;ARI_CHA_VEN-B100_2:M0;0;1;Température;;;;N;;;;;62;;;;;
NT System.ARI_CHA_VEN-B100_2:D0;10142;ARI_CHA_VEN-B100_2:D0;3;0;défaut sonde;;;;N;;;;;;;;;;
NT System.ARI_CHA_VEN-B100_3:M0;10142;ARI_CHA_VEN-B100_3:M0;0;2;Température;;;;N;;;;;62;;;;;
NT System.ARI_CHA_VEN-B100_3:D0;10142;ARI_CHA_VEN-B100_3:D0;3;1;défaut sonde;;;;N;;;;;;;;;;
NT System.ARI_CHA_VEN-B100_5:M0;10142;ARI_CHA_VEN-B100_5:M0;0;3;Température;;;;N;;;;;62;;;;;
NT System.ARI_CHA_VEN-B100_5:D0;10142;ARI_CHA_VEN-B100_5:D0;3;2;défaut sonde;;;;N;;;;;;;;;;
NT System.ARI_CHA_VEN-B100_6:M0;10142;ARI_CHA_VEN-B100_6:M0;0;4;Température;;;;N;;;;;62;;;;;
NT System.ARI_CHA_VEN-B100_6:D0;10142;ARI_CHA_VEN-B100_6:D0;3;3;défaut sonde;;;;N;;;;;;;;;;
